"","X","sizeclass","data","area","season"
"1",0,1,0,"1",1
"2",0,1,0,"1",2
"3",0,1,0,"1",3
"4",0,1,0,"1",4
"5",0,1,0,"1",5
"6",0,1,0,"1",6
"7",0,1,0,"1",7
"8",0,1,0,"1",8
"9",0,1,0,"1",9
"10",0,1,0,"1",10
"11",0,1,0,"1",11
"12",0,1,0,"1",12
"13",0,1,0,"1",13
"14",0,1,0,"1",14
"15",0,1,0,"1",15
"16",0,1,0,"1",16
"17",0,1,0,"1",17
"18",0,1,0,"1",18
"19",0,1,0,"1",19
"20",0,1,0,"1",20
"21",0,1,0,"1",21
"22",0,1,0,"1",22
"23",0,1,0,"1",23
"24",0,1,0,"1",24
"25",0,1,0,"1",25
"26",0,1,0,"1",26
"27",0,1,0,"1",27
"28",0,1,0,"1",28
"29",0,1,0,"1",29
"30",0,1,0,"1",30
"31",0,1,0,"1",31
"32",0,1,0,"1",32
"33",0,1,0,"1",33
"34",0,1,0,"1",34
"35",0,1,0,"1",35
"36",0,1,0,"1",36
"37",0,1,0,"1",37
"38",0,1,0,"1",38
"39",0,1,0,"1",39
"40",0,1,0,"1",40
"41",0,1,0,"1",41
"42",0,1,0,"1",42
"43",0,1,0,"1",43
"44",0,1,0,"1",44
"45",0,1,0,"1",45
"46",0,1,0,"1",46
"47",0,1,0,"1",47
"48",0,1,0,"1",48
"49",0,1,0,"1",49
"50",0,1,0,"1",50
"51",0,1,0,"1",51
"52",0,1,0,"1",52
"833",0,2,0,"1",1
"834",0,2,0,"1",2
"835",0,2,0,"1",3
"836",0,2,0,"1",4
"837",0,2,0,"1",5
"838",0,2,0,"1",6
"839",0,2,0,"1",7
"840",0,2,0,"1",8
"841",0,2,0,"1",9
"842",0,2,0,"1",10
"843",0,2,0,"1",11
"844",0,2,0,"1",12
"845",0,2,0,"1",13
"846",0,2,0,"1",14
"847",0,2,0,"1",15
"848",0,2,0,"1",16
"849",0,2,0,"1",17
"850",0,2,0,"1",18
"851",0,2,0,"1",19
"852",0,2,0,"1",20
"853",0,2,0,"1",21
"854",0,2,0,"1",22
"855",0,2,0,"1",23
"856",0,2,0,"1",24
"857",0,2,0,"1",25
"858",0,2,0,"1",26
"859",0,2,0,"1",27
"860",0,2,0,"1",28
"861",0,2,0,"1",29
"862",0,2,0,"1",30
"863",0,2,0,"1",31
"864",0,2,0,"1",32
"865",0,2,0,"1",33
"866",0,2,0,"1",34
"867",0,2,0,"1",35
"868",0,2,0,"1",36
"869",0,2,0,"1",37
"870",0,2,0,"1",38
"871",0,2,0,"1",39
"872",0,2,0,"1",40
"873",0,2,0,"1",41
"874",0,2,0,"1",42
"875",0,2,0,"1",43
"876",0,2,0,"1",44
"877",0,2,0,"1",45
"878",0,2,0,"1",46
"879",0,2,0,"1",47
"880",0,2,0,"1",48
"881",0,2,0,"1",49
"882",0,2,0,"1",50
"883",0,2,0,"1",51
"884",0,2,0,"1",52
"1665",0,3,0,"1",1
"1666",0,3,0,"1",2
"1667",0,3,0,"1",3
"1668",0,3,0,"1",4
"1669",0,3,0,"1",5
"1670",0,3,0,"1",6
"1671",0,3,0,"1",7
"1672",0,3,0,"1",8
"1673",0,3,0,"1",9
"1674",0,3,0,"1",10
"1675",0,3,0,"1",11
"1676",0,3,0,"1",12
"1677",0,3,0,"1",13
"1678",0,3,0,"1",14
"1679",0,3,0,"1",15
"1680",0,3,0,"1",16
"1681",0,3,0,"1",17
"1682",0,3,0,"1",18
"1683",0,3,0,"1",19
"1684",0,3,0,"1",20
"1685",0,3,0,"1",21
"1686",0,3,0,"1",22
"1687",0,3,0,"1",23
"1688",0,3,0,"1",24
"1689",0,3,0,"1",25
"1690",0,3,0,"1",26
"1691",0,3,0,"1",27
"1692",0,3,0,"1",28
"1693",0,3,0,"1",29
"1694",0,3,0,"1",30
"1695",0,3,0,"1",31
"1696",0,3,0,"1",32
"1697",0,3,0,"1",33
"1698",0,3,0,"1",34
"1699",0,3,0,"1",35
"1700",0,3,0,"1",36
"1701",0,3,0,"1",37
"1702",0,3,0,"1",38
"1703",0,3,0,"1",39
"1704",0,3,0,"1",40
"1705",0,3,0,"1",41
"1706",0,3,0,"1",42
"1707",0,3,0,"1",43
"1708",0,3,0,"1",44
"1709",0,3,0,"1",45
"1710",0,3,0,"1",46
"1711",0,3,0,"1",47
"1712",0,3,0,"1",48
"1713",0,3,0,"1",49
"1714",0,3,0,"1",50
"1715",0,3,0,"1",51
"1716",0,3,0,"1",52
"2497",0,4,0,"1",1
"2498",0,4,0,"1",2
"2499",0,4,0,"1",3
"2500",0,4,0,"1",4
"2501",0,4,0,"1",5
"2502",0,4,0,"1",6
"2503",0,4,0,"1",7
"2504",0,4,0,"1",8
"2505",0,4,0,"1",9
"2506",0,4,0,"1",10
"2507",0,4,0,"1",11
"2508",0,4,0,"1",12
"2509",0,4,0,"1",13
"2510",0,4,0,"1",14
"2511",0,4,0,"1",15
"2512",0,4,0,"1",16
"2513",0,4,0,"1",17
"2514",0,4,0,"1",18
"2515",0,4,0,"1",19
"2516",0,4,0,"1",20
"2517",0,4,0,"1",21
"2518",0,4,0,"1",22
"2519",0,4,0,"1",23
"2520",0,4,0,"1",24
"2521",0,4,0,"1",25
"2522",0,4,0,"1",26
"2523",0,4,0,"1",27
"2524",0,4,0,"1",28
"2525",0,4,0,"1",29
"2526",0,4,0,"1",30
"2527",0,4,0,"1",31
"2528",0,4,0,"1",32
"2529",0,4,0,"1",33
"2530",0,4,0,"1",34
"2531",0,4,0,"1",35
"2532",0,4,0,"1",36
"2533",0,4,0,"1",37
"2534",0,4,0,"1",38
"2535",0,4,0,"1",39
"2536",0,4,0,"1",40
"2537",0,4,0,"1",41
"2538",0,4,0,"1",42
"2539",0,4,0,"1",43
"2540",0,4,0,"1",44
"2541",0,4,0,"1",45
"2542",0,4,0,"1",46
"2543",0,4,0,"1",47
"2544",0,4,0,"1",48
"2545",0,4,0,"1",49
"2546",0,4,0,"1",50
"2547",0,4,0,"1",51
"2548",0,4,0,"1",52
"3329",0,5,0,"1",1
"3330",0,5,0,"1",2
"3331",0,5,0,"1",3
"3332",0,5,0,"1",4
"3333",0,5,0,"1",5
"3334",0,5,0,"1",6
"3335",0,5,0,"1",7
"3336",0,5,0,"1",8
"3337",0,5,0,"1",9
"3338",0,5,0,"1",10
"3339",0,5,0,"1",11
"3340",0,5,0,"1",12
"3341",0,5,0,"1",13
"3342",0,5,0,"1",14
"3343",0,5,0,"1",15
"3344",0,5,0,"1",16
"3345",0,5,0,"1",17
"3346",0,5,0,"1",18
"3347",0,5,0,"1",19
"3348",0,5,0,"1",20
"3349",0,5,0,"1",21
"3350",0,5,0,"1",22
"3351",0,5,0,"1",23
"3352",0,5,0,"1",24
"3353",0,5,0,"1",25
"3354",0,5,0,"1",26
"3355",0,5,0,"1",27
"3356",0,5,0,"1",28
"3357",0,5,0,"1",29
"3358",0,5,0,"1",30
"3359",0,5,0,"1",31
"3360",0,5,0,"1",32
"3361",0,5,0,"1",33
"3362",0,5,0,"1",34
"3363",0,5,0,"1",35
"3364",0,5,0,"1",36
"3365",0,5,0,"1",37
"3366",0,5,0,"1",38
"3367",0,5,0,"1",39
"3368",0,5,0,"1",40
"3369",0,5,0,"1",41
"3370",0,5,0,"1",42
"3371",0,5,0,"1",43
"3372",0,5,0,"1",44
"3373",0,5,0,"1",45
"3374",0,5,0,"1",46
"3375",0,5,0,"1",47
"3376",0,5,0,"1",48
"3377",0,5,0,"1",49
"3378",0,5,0,"1",50
"3379",0,5,0,"1",51
"3380",0,5,0,"1",52
"53",1,1,22.7414111356402,"2",1
"54",2,1,21.1693544531726,"2",2
"55",3,1,19.0778874100729,"2",3
"56",4,1,16.727698921323,"2",4
"57",5,1,14.6410115483982,"2",5
"58",6,1,13.1461398310333,"2",6
"59",7,1,12.287159295851,"2",7
"60",8,1,11.9867653331182,"2",8
"61",9,1,12.2165193812909,"2",9
"62",10,1,12.8879352364602,"2",10
"63",11,1,13.8794696149922,"2",11
"64",12,1,15.0407005957904,"2",12
"65",13,1,16.1412133832562,"2",13
"66",14,1,16.8794040624649,"2",14
"67",15,1,17.0816250124917,"2",15
"68",16,1,16.8647094259505,"2",16
"69",17,1,16.4052281543345,"2",17
"70",18,1,15.969229562168,"2",18
"71",19,1,15.8721848291156,"2",19
"72",20,1,16.3769482745655,"2",20
"73",21,1,17.4099166583112,"2",21
"74",22,1,18.7450688676463,"2",22
"75",23,1,20.1133258227489,"2",23
"76",24,1,21.2240979578484,"2",24
"77",25,1,21.7553031776,"2",25
"78",26,1,21.7963697877853,"2",26
"79",27,1,22.0468095026226,"2",27
"80",28,1,23.2385969674108,"2",28
"81",29,1,25.4334683550257,"2",29
"82",30,1,28.0868849102472,"2",30
"83",31,1,30.7103556323496,"2",31
"84",32,1,34.5091988408153,"2",32
"85",33,1,42.1619290657155,"2",33
"86",34,1,56.1805304357737,"2",34
"87",35,1,71.6376212183362,"2",35
"88",36,1,75.4448399338984,"2",36
"89",37,1,65.4384415113178,"2",37
"90",38,1,55.6735066696138,"2",38
"91",39,1,54.9393374434152,"2",39
"92",40,1,61.0844797812851,"2",40
"93",41,1,65.8578651241089,"2",41
"94",42,1,61.3705869286894,"2",42
"95",43,1,52.359732615453,"2",43
"96",44,1,45.5557772033761,"2",44
"97",45,1,42.7632169887309,"2",45
"98",46,1,40.9845238152033,"2",46
"99",47,1,37.4872495266354,"2",47
"100",48,1,32.45277717661,"2",48
"101",49,1,28.0957540534836,"2",49
"102",50,1,25.6236416931932,"2",50
"103",51,1,24.5193264810585,"2",51
"104",52,1,23.7963468955679,"2",52
"885",0,2,0,"2",1
"886",0,2,0,"2",2
"887",0,2,0,"2",3
"888",0,2,0,"2",4
"889",0,2,0,"2",5
"890",0,2,0,"2",6
"891",0,2,0,"2",7
"892",0,2,0,"2",8
"893",0,2,0,"2",9
"894",0,2,0,"2",10
"895",0,2,0,"2",11
"896",0,2,0,"2",12
"897",0,2,0,"2",13
"898",0,2,0,"2",14
"899",0,2,0,"2",15
"900",0,2,0,"2",16
"901",0,2,0,"2",17
"902",0,2,0,"2",18
"903",0,2,0,"2",19
"904",0,2,0,"2",20
"905",0,2,0,"2",21
"906",0,2,0,"2",22
"907",0,2,0,"2",23
"908",0,2,0,"2",24
"909",0,2,0,"2",25
"910",0,2,0,"2",26
"911",0,2,0,"2",27
"912",0,2,0,"2",28
"913",0,2,0,"2",29
"914",0,2,0,"2",30
"915",0,2,0,"2",31
"916",0,2,0,"2",32
"917",0,2,0,"2",33
"918",0,2,0,"2",34
"919",0,2,0,"2",35
"920",0,2,0,"2",36
"921",0,2,0,"2",37
"922",0,2,0,"2",38
"923",0,2,0,"2",39
"924",0,2,0,"2",40
"925",0,2,0,"2",41
"926",0,2,0,"2",42
"927",0,2,0,"2",43
"928",0,2,0,"2",44
"929",0,2,0,"2",45
"930",0,2,0,"2",46
"931",0,2,0,"2",47
"932",0,2,0,"2",48
"933",0,2,0,"2",49
"934",0,2,0,"2",50
"935",0,2,0,"2",51
"936",0,2,0,"2",52
"1717",0,3,0,"2",1
"1718",0,3,0,"2",2
"1719",0,3,0,"2",3
"1720",0,3,0,"2",4
"1721",0,3,0,"2",5
"1722",0,3,0,"2",6
"1723",0,3,0,"2",7
"1724",0,3,0,"2",8
"1725",0,3,0,"2",9
"1726",0,3,0,"2",10
"1727",0,3,0,"2",11
"1728",0,3,0,"2",12
"1729",0,3,0,"2",13
"1730",0,3,0,"2",14
"1731",0,3,0,"2",15
"1732",0,3,0,"2",16
"1733",0,3,0,"2",17
"1734",0,3,0,"2",18
"1735",0,3,0,"2",19
"1736",0,3,0,"2",20
"1737",0,3,0,"2",21
"1738",0,3,0,"2",22
"1739",0,3,0,"2",23
"1740",0,3,0,"2",24
"1741",0,3,0,"2",25
"1742",0,3,0,"2",26
"1743",0,3,0,"2",27
"1744",0,3,0,"2",28
"1745",0,3,0,"2",29
"1746",0,3,0,"2",30
"1747",0,3,0,"2",31
"1748",0,3,0,"2",32
"1749",0,3,0,"2",33
"1750",0,3,0,"2",34
"1751",0,3,0,"2",35
"1752",0,3,0,"2",36
"1753",0,3,0,"2",37
"1754",0,3,0,"2",38
"1755",0,3,0,"2",39
"1756",0,3,0,"2",40
"1757",0,3,0,"2",41
"1758",0,3,0,"2",42
"1759",0,3,0,"2",43
"1760",0,3,0,"2",44
"1761",0,3,0,"2",45
"1762",0,3,0,"2",46
"1763",0,3,0,"2",47
"1764",0,3,0,"2",48
"1765",0,3,0,"2",49
"1766",0,3,0,"2",50
"1767",0,3,0,"2",51
"1768",0,3,0,"2",52
"2549",0,4,0,"2",1
"2550",0,4,0,"2",2
"2551",0,4,0,"2",3
"2552",0,4,0,"2",4
"2553",0,4,0,"2",5
"2554",0,4,0,"2",6
"2555",0,4,0,"2",7
"2556",0,4,0,"2",8
"2557",0,4,0,"2",9
"2558",0,4,0,"2",10
"2559",0,4,0,"2",11
"2560",0,4,0,"2",12
"2561",0,4,0,"2",13
"2562",0,4,0,"2",14
"2563",0,4,0,"2",15
"2564",0,4,0,"2",16
"2565",0,4,0,"2",17
"2566",0,4,0,"2",18
"2567",0,4,0,"2",19
"2568",0,4,0,"2",20
"2569",0,4,0,"2",21
"2570",0,4,0,"2",22
"2571",0,4,0,"2",23
"2572",0,4,0,"2",24
"2573",0,4,0,"2",25
"2574",0,4,0,"2",26
"2575",0,4,0,"2",27
"2576",0,4,0,"2",28
"2577",0,4,0,"2",29
"2578",0,4,0,"2",30
"2579",0,4,0,"2",31
"2580",0,4,0,"2",32
"2581",0,4,0,"2",33
"2582",0,4,0,"2",34
"2583",0,4,0,"2",35
"2584",0,4,0,"2",36
"2585",0,4,0,"2",37
"2586",0,4,0,"2",38
"2587",0,4,0,"2",39
"2588",0,4,0,"2",40
"2589",0,4,0,"2",41
"2590",0,4,0,"2",42
"2591",0,4,0,"2",43
"2592",0,4,0,"2",44
"2593",0,4,0,"2",45
"2594",0,4,0,"2",46
"2595",0,4,0,"2",47
"2596",0,4,0,"2",48
"2597",0,4,0,"2",49
"2598",0,4,0,"2",50
"2599",0,4,0,"2",51
"2600",0,4,0,"2",52
"3381",0,5,0,"2",1
"3382",0,5,0,"2",2
"3383",0,5,0,"2",3
"3384",0,5,0,"2",4
"3385",0,5,0,"2",5
"3386",0,5,0,"2",6
"3387",0,5,0,"2",7
"3388",0,5,0,"2",8
"3389",0,5,0,"2",9
"3390",0,5,0,"2",10
"3391",0,5,0,"2",11
"3392",0,5,0,"2",12
"3393",0,5,0,"2",13
"3394",0,5,0,"2",14
"3395",0,5,0,"2",15
"3396",0,5,0,"2",16
"3397",0,5,0,"2",17
"3398",0,5,0,"2",18
"3399",0,5,0,"2",19
"3400",0,5,0,"2",20
"3401",0,5,0,"2",21
"3402",0,5,0,"2",22
"3403",0,5,0,"2",23
"3404",0,5,0,"2",24
"3405",0,5,0,"2",25
"3406",0,5,0,"2",26
"3407",0,5,0,"2",27
"3408",0,5,0,"2",28
"3409",0,5,0,"2",29
"3410",0,5,0,"2",30
"3411",0,5,0,"2",31
"3412",0,5,0,"2",32
"3413",0,5,0,"2",33
"3414",0,5,0,"2",34
"3415",0,5,0,"2",35
"3416",0,5,0,"2",36
"3417",0,5,0,"2",37
"3418",0,5,0,"2",38
"3419",0,5,0,"2",39
"3420",0,5,0,"2",40
"3421",0,5,0,"2",41
"3422",0,5,0,"2",42
"3423",0,5,0,"2",43
"3424",0,5,0,"2",44
"3425",0,5,0,"2",45
"3426",0,5,0,"2",46
"3427",0,5,0,"2",47
"3428",0,5,0,"2",48
"3429",0,5,0,"2",49
"3430",0,5,0,"2",50
"3431",0,5,0,"2",51
"3432",0,5,0,"2",52
"105",0,1,0,"3",1
"106",0,1,0,"3",2
"107",0,1,0,"3",3
"108",0,1,0,"3",4
"109",0,1,0,"3",5
"110",0,1,0,"3",6
"111",0,1,0,"3",7
"112",0,1,0,"3",8
"113",0,1,0,"3",9
"114",0,1,0,"3",10
"115",0,1,0,"3",11
"116",0,1,0,"3",12
"117",0,1,0,"3",13
"118",0,1,0,"3",14
"119",0,1,0,"3",15
"120",0,1,0,"3",16
"121",0,1,0,"3",17
"122",0,1,0,"3",18
"123",0,1,0,"3",19
"124",0,1,0,"3",20
"125",0,1,0,"3",21
"126",0,1,0,"3",22
"127",0,1,0,"3",23
"128",0,1,0,"3",24
"129",0,1,0,"3",25
"130",0,1,0,"3",26
"131",0,1,0,"3",27
"132",0,1,0,"3",28
"133",0,1,0,"3",29
"134",0,1,0,"3",30
"135",0,1,0,"3",31
"136",0,1,0,"3",32
"137",0,1,0,"3",33
"138",0,1,0,"3",34
"139",0,1,0,"3",35
"140",0,1,0,"3",36
"141",0,1,0,"3",37
"142",0,1,0,"3",38
"143",0,1,0,"3",39
"144",0,1,0,"3",40
"145",0,1,0,"3",41
"146",0,1,0,"3",42
"147",0,1,0,"3",43
"148",0,1,0,"3",44
"149",0,1,0,"3",45
"150",0,1,0,"3",46
"151",0,1,0,"3",47
"152",0,1,0,"3",48
"153",0,1,0,"3",49
"154",0,1,0,"3",50
"155",0,1,0,"3",51
"156",0,1,0,"3",52
"937",0,2,0,"3",1
"938",0,2,0,"3",2
"939",0,2,0,"3",3
"940",0,2,0,"3",4
"941",0,2,0,"3",5
"942",0,2,0,"3",6
"943",0,2,0,"3",7
"944",0,2,0,"3",8
"945",0,2,0,"3",9
"946",0,2,0,"3",10
"947",0,2,0,"3",11
"948",0,2,0,"3",12
"949",0,2,0,"3",13
"950",0,2,0,"3",14
"951",0,2,0,"3",15
"952",0,2,0,"3",16
"953",0,2,0,"3",17
"954",0,2,0,"3",18
"955",0,2,0,"3",19
"956",0,2,0,"3",20
"957",0,2,0,"3",21
"958",0,2,0,"3",22
"959",0,2,0,"3",23
"960",0,2,0,"3",24
"961",0,2,0,"3",25
"962",0,2,0,"3",26
"963",0,2,0,"3",27
"964",0,2,0,"3",28
"965",0,2,0,"3",29
"966",0,2,0,"3",30
"967",0,2,0,"3",31
"968",0,2,0,"3",32
"969",0,2,0,"3",33
"970",0,2,0,"3",34
"971",0,2,0,"3",35
"972",0,2,0,"3",36
"973",0,2,0,"3",37
"974",0,2,0,"3",38
"975",0,2,0,"3",39
"976",0,2,0,"3",40
"977",0,2,0,"3",41
"978",0,2,0,"3",42
"979",0,2,0,"3",43
"980",0,2,0,"3",44
"981",0,2,0,"3",45
"982",0,2,0,"3",46
"983",0,2,0,"3",47
"984",0,2,0,"3",48
"985",0,2,0,"3",49
"986",0,2,0,"3",50
"987",0,2,0,"3",51
"988",0,2,0,"3",52
"1769",0,3,0,"3",1
"1770",0,3,0,"3",2
"1771",0,3,0,"3",3
"1772",0,3,0,"3",4
"1773",0,3,0,"3",5
"1774",0,3,0,"3",6
"1775",0,3,0,"3",7
"1776",0,3,0,"3",8
"1777",0,3,0,"3",9
"1778",0,3,0,"3",10
"1779",0,3,0,"3",11
"1780",0,3,0,"3",12
"1781",0,3,0,"3",13
"1782",0,3,0,"3",14
"1783",0,3,0,"3",15
"1784",0,3,0,"3",16
"1785",0,3,0,"3",17
"1786",0,3,0,"3",18
"1787",0,3,0,"3",19
"1788",0,3,0,"3",20
"1789",0,3,0,"3",21
"1790",0,3,0,"3",22
"1791",0,3,0,"3",23
"1792",0,3,0,"3",24
"1793",0,3,0,"3",25
"1794",0,3,0,"3",26
"1795",0,3,0,"3",27
"1796",0,3,0,"3",28
"1797",0,3,0,"3",29
"1798",0,3,0,"3",30
"1799",0,3,0,"3",31
"1800",0,3,0,"3",32
"1801",0,3,0,"3",33
"1802",0,3,0,"3",34
"1803",0,3,0,"3",35
"1804",0,3,0,"3",36
"1805",0,3,0,"3",37
"1806",0,3,0,"3",38
"1807",0,3,0,"3",39
"1808",0,3,0,"3",40
"1809",0,3,0,"3",41
"1810",0,3,0,"3",42
"1811",0,3,0,"3",43
"1812",0,3,0,"3",44
"1813",0,3,0,"3",45
"1814",0,3,0,"3",46
"1815",0,3,0,"3",47
"1816",0,3,0,"3",48
"1817",0,3,0,"3",49
"1818",0,3,0,"3",50
"1819",0,3,0,"3",51
"1820",0,3,0,"3",52
"2601",0,4,0,"3",1
"2602",0,4,0,"3",2
"2603",0,4,0,"3",3
"2604",0,4,0,"3",4
"2605",0,4,0,"3",5
"2606",0,4,0,"3",6
"2607",0,4,0,"3",7
"2608",0,4,0,"3",8
"2609",0,4,0,"3",9
"2610",0,4,0,"3",10
"2611",0,4,0,"3",11
"2612",0,4,0,"3",12
"2613",0,4,0,"3",13
"2614",0,4,0,"3",14
"2615",0,4,0,"3",15
"2616",0,4,0,"3",16
"2617",0,4,0,"3",17
"2618",0,4,0,"3",18
"2619",0,4,0,"3",19
"2620",0,4,0,"3",20
"2621",0,4,0,"3",21
"2622",0,4,0,"3",22
"2623",0,4,0,"3",23
"2624",0,4,0,"3",24
"2625",0,4,0,"3",25
"2626",0,4,0,"3",26
"2627",0,4,0,"3",27
"2628",0,4,0,"3",28
"2629",0,4,0,"3",29
"2630",0,4,0,"3",30
"2631",0,4,0,"3",31
"2632",0,4,0,"3",32
"2633",0,4,0,"3",33
"2634",0,4,0,"3",34
"2635",0,4,0,"3",35
"2636",0,4,0,"3",36
"2637",0,4,0,"3",37
"2638",0,4,0,"3",38
"2639",0,4,0,"3",39
"2640",0,4,0,"3",40
"2641",0,4,0,"3",41
"2642",0,4,0,"3",42
"2643",0,4,0,"3",43
"2644",0,4,0,"3",44
"2645",0,4,0,"3",45
"2646",0,4,0,"3",46
"2647",0,4,0,"3",47
"2648",0,4,0,"3",48
"2649",0,4,0,"3",49
"2650",0,4,0,"3",50
"2651",0,4,0,"3",51
"2652",0,4,0,"3",52
"3433",0,5,0,"3",1
"3434",0,5,0,"3",2
"3435",0,5,0,"3",3
"3436",0,5,0,"3",4
"3437",0,5,0,"3",5
"3438",0,5,0,"3",6
"3439",0,5,0,"3",7
"3440",0,5,0,"3",8
"3441",0,5,0,"3",9
"3442",0,5,0,"3",10
"3443",0,5,0,"3",11
"3444",0,5,0,"3",12
"3445",0,5,0,"3",13
"3446",0,5,0,"3",14
"3447",0,5,0,"3",15
"3448",0,5,0,"3",16
"3449",0,5,0,"3",17
"3450",0,5,0,"3",18
"3451",0,5,0,"3",19
"3452",0,5,0,"3",20
"3453",0,5,0,"3",21
"3454",0,5,0,"3",22
"3455",0,5,0,"3",23
"3456",0,5,0,"3",24
"3457",0,5,0,"3",25
"3458",0,5,0,"3",26
"3459",0,5,0,"3",27
"3460",0,5,0,"3",28
"3461",0,5,0,"3",29
"3462",0,5,0,"3",30
"3463",0,5,0,"3",31
"3464",0,5,0,"3",32
"3465",0,5,0,"3",33
"3466",0,5,0,"3",34
"3467",0,5,0,"3",35
"3468",0,5,0,"3",36
"3469",0,5,0,"3",37
"3470",0,5,0,"3",38
"3471",0,5,0,"3",39
"3472",0,5,0,"3",40
"3473",0,5,0,"3",41
"3474",0,5,0,"3",42
"3475",0,5,0,"3",43
"3476",0,5,0,"3",44
"3477",0,5,0,"3",45
"3478",0,5,0,"3",46
"3479",0,5,0,"3",47
"3480",0,5,0,"3",48
"3481",0,5,0,"3",49
"3482",0,5,0,"3",50
"3483",0,5,0,"3",51
"3484",0,5,0,"3",52
"157",0,1,0,"4",1
"158",0,1,0,"4",2
"159",0,1,0,"4",3
"160",0,1,0,"4",4
"161",0,1,0,"4",5
"162",0,1,0,"4",6
"163",0,1,0,"4",7
"164",0,1,0,"4",8
"165",0,1,0,"4",9
"166",0,1,0,"4",10
"167",0,1,0,"4",11
"168",0,1,0,"4",12
"169",0,1,0,"4",13
"170",0,1,0,"4",14
"171",0,1,0,"4",15
"172",0,1,0,"4",16
"173",0,1,0,"4",17
"174",0,1,0,"4",18
"175",0,1,0,"4",19
"176",0,1,0,"4",20
"177",0,1,0,"4",21
"178",0,1,0,"4",22
"179",0,1,0,"4",23
"180",0,1,0,"4",24
"181",0,1,0,"4",25
"182",0,1,0,"4",26
"183",0,1,0,"4",27
"184",0,1,0,"4",28
"185",0,1,0,"4",29
"186",0,1,0,"4",30
"187",0,1,0,"4",31
"188",0,1,0,"4",32
"189",0,1,0,"4",33
"190",0,1,0,"4",34
"191",0,1,0,"4",35
"192",0,1,0,"4",36
"193",0,1,0,"4",37
"194",0,1,0,"4",38
"195",0,1,0,"4",39
"196",0,1,0,"4",40
"197",0,1,0,"4",41
"198",0,1,0,"4",42
"199",0,1,0,"4",43
"200",0,1,0,"4",44
"201",0,1,0,"4",45
"202",0,1,0,"4",46
"203",0,1,0,"4",47
"204",0,1,0,"4",48
"205",0,1,0,"4",49
"206",0,1,0,"4",50
"207",0,1,0,"4",51
"208",0,1,0,"4",52
"989",0,2,0,"4",1
"990",0,2,0,"4",2
"991",0,2,0,"4",3
"992",0,2,0,"4",4
"993",0,2,0,"4",5
"994",0,2,0,"4",6
"995",0,2,0,"4",7
"996",0,2,0,"4",8
"997",0,2,0,"4",9
"998",0,2,0,"4",10
"999",0,2,0,"4",11
"1000",0,2,0,"4",12
"1001",0,2,0,"4",13
"1002",0,2,0,"4",14
"1003",0,2,0,"4",15
"1004",0,2,0,"4",16
"1005",0,2,0,"4",17
"1006",0,2,0,"4",18
"1007",0,2,0,"4",19
"1008",0,2,0,"4",20
"1009",0,2,0,"4",21
"1010",0,2,0,"4",22
"1011",0,2,0,"4",23
"1012",0,2,0,"4",24
"1013",0,2,0,"4",25
"1014",0,2,0,"4",26
"1015",0,2,0,"4",27
"1016",0,2,0,"4",28
"1017",0,2,0,"4",29
"1018",0,2,0,"4",30
"1019",0,2,0,"4",31
"1020",0,2,0,"4",32
"1021",0,2,0,"4",33
"1022",0,2,0,"4",34
"1023",0,2,0,"4",35
"1024",0,2,0,"4",36
"1025",0,2,0,"4",37
"1026",0,2,0,"4",38
"1027",0,2,0,"4",39
"1028",0,2,0,"4",40
"1029",0,2,0,"4",41
"1030",0,2,0,"4",42
"1031",0,2,0,"4",43
"1032",0,2,0,"4",44
"1033",0,2,0,"4",45
"1034",0,2,0,"4",46
"1035",0,2,0,"4",47
"1036",0,2,0,"4",48
"1037",0,2,0,"4",49
"1038",0,2,0,"4",50
"1039",0,2,0,"4",51
"1040",0,2,0,"4",52
"1821",0,3,0,"4",1
"1822",0,3,0,"4",2
"1823",0,3,0,"4",3
"1824",0,3,0,"4",4
"1825",0,3,0,"4",5
"1826",0,3,0,"4",6
"1827",0,3,0,"4",7
"1828",0,3,0,"4",8
"1829",0,3,0,"4",9
"1830",0,3,0,"4",10
"1831",0,3,0,"4",11
"1832",0,3,0,"4",12
"1833",0,3,0,"4",13
"1834",0,3,0,"4",14
"1835",0,3,0,"4",15
"1836",0,3,0,"4",16
"1837",0,3,0,"4",17
"1838",0,3,0,"4",18
"1839",0,3,0,"4",19
"1840",0,3,0,"4",20
"1841",0,3,0,"4",21
"1842",0,3,0,"4",22
"1843",0,3,0,"4",23
"1844",0,3,0,"4",24
"1845",0,3,0,"4",25
"1846",0,3,0,"4",26
"1847",0,3,0,"4",27
"1848",0,3,0,"4",28
"1849",0,3,0,"4",29
"1850",0,3,0,"4",30
"1851",0,3,0,"4",31
"1852",0,3,0,"4",32
"1853",0,3,0,"4",33
"1854",0,3,0,"4",34
"1855",0,3,0,"4",35
"1856",0,3,0,"4",36
"1857",0,3,0,"4",37
"1858",0,3,0,"4",38
"1859",0,3,0,"4",39
"1860",0,3,0,"4",40
"1861",0,3,0,"4",41
"1862",0,3,0,"4",42
"1863",0,3,0,"4",43
"1864",0,3,0,"4",44
"1865",0,3,0,"4",45
"1866",0,3,0,"4",46
"1867",0,3,0,"4",47
"1868",0,3,0,"4",48
"1869",0,3,0,"4",49
"1870",0,3,0,"4",50
"1871",0,3,0,"4",51
"1872",0,3,0,"4",52
"2653",0,4,0,"4",1
"2654",0,4,0,"4",2
"2655",0,4,0,"4",3
"2656",0,4,0,"4",4
"2657",0,4,0,"4",5
"2658",0,4,0,"4",6
"2659",0,4,0,"4",7
"2660",0,4,0,"4",8
"2661",0,4,0,"4",9
"2662",0,4,0,"4",10
"2663",0,4,0,"4",11
"2664",0,4,0,"4",12
"2665",0,4,0,"4",13
"2666",0,4,0,"4",14
"2667",0,4,0,"4",15
"2668",0,4,0,"4",16
"2669",0,4,0,"4",17
"2670",0,4,0,"4",18
"2671",0,4,0,"4",19
"2672",0,4,0,"4",20
"2673",0,4,0,"4",21
"2674",0,4,0,"4",22
"2675",0,4,0,"4",23
"2676",0,4,0,"4",24
"2677",0,4,0,"4",25
"2678",0,4,0,"4",26
"2679",0,4,0,"4",27
"2680",0,4,0,"4",28
"2681",0,4,0,"4",29
"2682",0,4,0,"4",30
"2683",0,4,0,"4",31
"2684",0,4,0,"4",32
"2685",0,4,0,"4",33
"2686",0,4,0,"4",34
"2687",0,4,0,"4",35
"2688",0,4,0,"4",36
"2689",0,4,0,"4",37
"2690",0,4,0,"4",38
"2691",0,4,0,"4",39
"2692",0,4,0,"4",40
"2693",0,4,0,"4",41
"2694",0,4,0,"4",42
"2695",0,4,0,"4",43
"2696",0,4,0,"4",44
"2697",0,4,0,"4",45
"2698",0,4,0,"4",46
"2699",0,4,0,"4",47
"2700",0,4,0,"4",48
"2701",0,4,0,"4",49
"2702",0,4,0,"4",50
"2703",0,4,0,"4",51
"2704",0,4,0,"4",52
"3485",0,5,0,"4",1
"3486",0,5,0,"4",2
"3487",0,5,0,"4",3
"3488",0,5,0,"4",4
"3489",0,5,0,"4",5
"3490",0,5,0,"4",6
"3491",0,5,0,"4",7
"3492",0,5,0,"4",8
"3493",0,5,0,"4",9
"3494",0,5,0,"4",10
"3495",0,5,0,"4",11
"3496",0,5,0,"4",12
"3497",0,5,0,"4",13
"3498",0,5,0,"4",14
"3499",0,5,0,"4",15
"3500",0,5,0,"4",16
"3501",0,5,0,"4",17
"3502",0,5,0,"4",18
"3503",0,5,0,"4",19
"3504",0,5,0,"4",20
"3505",0,5,0,"4",21
"3506",0,5,0,"4",22
"3507",0,5,0,"4",23
"3508",0,5,0,"4",24
"3509",0,5,0,"4",25
"3510",0,5,0,"4",26
"3511",0,5,0,"4",27
"3512",0,5,0,"4",28
"3513",0,5,0,"4",29
"3514",0,5,0,"4",30
"3515",0,5,0,"4",31
"3516",0,5,0,"4",32
"3517",0,5,0,"4",33
"3518",0,5,0,"4",34
"3519",0,5,0,"4",35
"3520",0,5,0,"4",36
"3521",0,5,0,"4",37
"3522",0,5,0,"4",38
"3523",0,5,0,"4",39
"3524",0,5,0,"4",40
"3525",0,5,0,"4",41
"3526",0,5,0,"4",42
"3527",0,5,0,"4",43
"3528",0,5,0,"4",44
"3529",0,5,0,"4",45
"3530",0,5,0,"4",46
"3531",0,5,0,"4",47
"3532",0,5,0,"4",48
"3533",0,5,0,"4",49
"3534",0,5,0,"4",50
"3535",0,5,0,"4",51
"3536",0,5,0,"4",52
"209",0,1,0,"5",1
"210",0,1,0,"5",2
"211",0,1,0,"5",3
"212",0,1,0,"5",4
"213",0,1,0,"5",5
"214",0,1,0,"5",6
"215",0,1,0,"5",7
"216",0,1,0,"5",8
"217",0,1,0,"5",9
"218",0,1,0,"5",10
"219",0,1,0,"5",11
"220",0,1,0,"5",12
"221",0,1,0,"5",13
"222",0,1,0,"5",14
"223",0,1,0,"5",15
"224",0,1,0,"5",16
"225",0,1,0,"5",17
"226",0,1,0,"5",18
"227",0,1,0,"5",19
"228",0,1,0,"5",20
"229",0,1,0,"5",21
"230",0,1,0,"5",22
"231",0,1,0,"5",23
"232",0,1,0,"5",24
"233",0,1,0,"5",25
"234",0,1,0,"5",26
"235",0,1,0,"5",27
"236",0,1,0,"5",28
"237",0,1,0,"5",29
"238",0,1,0,"5",30
"239",0,1,0,"5",31
"240",0,1,0,"5",32
"241",0,1,0,"5",33
"242",0,1,0,"5",34
"243",0,1,0,"5",35
"244",0,1,0,"5",36
"245",0,1,0,"5",37
"246",0,1,0,"5",38
"247",0,1,0,"5",39
"248",0,1,0,"5",40
"249",0,1,0,"5",41
"250",0,1,0,"5",42
"251",0,1,0,"5",43
"252",0,1,0,"5",44
"253",0,1,0,"5",45
"254",0,1,0,"5",46
"255",0,1,0,"5",47
"256",0,1,0,"5",48
"257",0,1,0,"5",49
"258",0,1,0,"5",50
"259",0,1,0,"5",51
"260",0,1,0,"5",52
"1041",0,2,0,"5",1
"1042",0,2,0,"5",2
"1043",0,2,0,"5",3
"1044",0,2,0,"5",4
"1045",0,2,0,"5",5
"1046",0,2,0,"5",6
"1047",0,2,0,"5",7
"1048",0,2,0,"5",8
"1049",0,2,0,"5",9
"1050",0,2,0,"5",10
"1051",0,2,0,"5",11
"1052",0,2,0,"5",12
"1053",0,2,0,"5",13
"1054",0,2,0,"5",14
"1055",0,2,0,"5",15
"1056",0,2,0,"5",16
"1057",0,2,0,"5",17
"1058",0,2,0,"5",18
"1059",0,2,0,"5",19
"1060",0,2,0,"5",20
"1061",0,2,0,"5",21
"1062",0,2,0,"5",22
"1063",0,2,0,"5",23
"1064",0,2,0,"5",24
"1065",0,2,0,"5",25
"1066",0,2,0,"5",26
"1067",0,2,0,"5",27
"1068",0,2,0,"5",28
"1069",0,2,0,"5",29
"1070",0,2,0,"5",30
"1071",0,2,0,"5",31
"1072",0,2,0,"5",32
"1073",0,2,0,"5",33
"1074",0,2,0,"5",34
"1075",0,2,0,"5",35
"1076",0,2,0,"5",36
"1077",0,2,0,"5",37
"1078",0,2,0,"5",38
"1079",0,2,0,"5",39
"1080",0,2,0,"5",40
"1081",0,2,0,"5",41
"1082",0,2,0,"5",42
"1083",0,2,0,"5",43
"1084",0,2,0,"5",44
"1085",0,2,0,"5",45
"1086",0,2,0,"5",46
"1087",0,2,0,"5",47
"1088",0,2,0,"5",48
"1089",0,2,0,"5",49
"1090",0,2,0,"5",50
"1091",0,2,0,"5",51
"1092",0,2,0,"5",52
"1873",0,3,0,"5",1
"1874",0,3,0,"5",2
"1875",0,3,0,"5",3
"1876",0,3,0,"5",4
"1877",0,3,0,"5",5
"1878",0,3,0,"5",6
"1879",0,3,0,"5",7
"1880",0,3,0,"5",8
"1881",0,3,0,"5",9
"1882",0,3,0,"5",10
"1883",0,3,0,"5",11
"1884",0,3,0,"5",12
"1885",0,3,0,"5",13
"1886",0,3,0,"5",14
"1887",0,3,0,"5",15
"1888",0,3,0,"5",16
"1889",0,3,0,"5",17
"1890",0,3,0,"5",18
"1891",0,3,0,"5",19
"1892",0,3,0,"5",20
"1893",0,3,0,"5",21
"1894",0,3,0,"5",22
"1895",0,3,0,"5",23
"1896",0,3,0,"5",24
"1897",0,3,0,"5",25
"1898",0,3,0,"5",26
"1899",0,3,0,"5",27
"1900",0,3,0,"5",28
"1901",0,3,0,"5",29
"1902",0,3,0,"5",30
"1903",0,3,0,"5",31
"1904",0,3,0,"5",32
"1905",0,3,0,"5",33
"1906",0,3,0,"5",34
"1907",0,3,0,"5",35
"1908",0,3,0,"5",36
"1909",0,3,0,"5",37
"1910",0,3,0,"5",38
"1911",0,3,0,"5",39
"1912",0,3,0,"5",40
"1913",0,3,0,"5",41
"1914",0,3,0,"5",42
"1915",0,3,0,"5",43
"1916",0,3,0,"5",44
"1917",0,3,0,"5",45
"1918",0,3,0,"5",46
"1919",0,3,0,"5",47
"1920",0,3,0,"5",48
"1921",0,3,0,"5",49
"1922",0,3,0,"5",50
"1923",0,3,0,"5",51
"1924",0,3,0,"5",52
"2705",0,4,0,"5",1
"2706",0,4,0,"5",2
"2707",0,4,0,"5",3
"2708",0,4,0,"5",4
"2709",0,4,0,"5",5
"2710",0,4,0,"5",6
"2711",0,4,0,"5",7
"2712",0,4,0,"5",8
"2713",0,4,0,"5",9
"2714",0,4,0,"5",10
"2715",0,4,0,"5",11
"2716",0,4,0,"5",12
"2717",0,4,0,"5",13
"2718",0,4,0,"5",14
"2719",0,4,0,"5",15
"2720",0,4,0,"5",16
"2721",0,4,0,"5",17
"2722",0,4,0,"5",18
"2723",0,4,0,"5",19
"2724",0,4,0,"5",20
"2725",0,4,0,"5",21
"2726",0,4,0,"5",22
"2727",0,4,0,"5",23
"2728",0,4,0,"5",24
"2729",0,4,0,"5",25
"2730",0,4,0,"5",26
"2731",0,4,0,"5",27
"2732",0,4,0,"5",28
"2733",0,4,0,"5",29
"2734",0,4,0,"5",30
"2735",0,4,0,"5",31
"2736",0,4,0,"5",32
"2737",0,4,0,"5",33
"2738",0,4,0,"5",34
"2739",0,4,0,"5",35
"2740",0,4,0,"5",36
"2741",0,4,0,"5",37
"2742",0,4,0,"5",38
"2743",0,4,0,"5",39
"2744",0,4,0,"5",40
"2745",0,4,0,"5",41
"2746",0,4,0,"5",42
"2747",0,4,0,"5",43
"2748",0,4,0,"5",44
"2749",0,4,0,"5",45
"2750",0,4,0,"5",46
"2751",0,4,0,"5",47
"2752",0,4,0,"5",48
"2753",0,4,0,"5",49
"2754",0,4,0,"5",50
"2755",0,4,0,"5",51
"2756",0,4,0,"5",52
"3537",0,5,0,"5",1
"3538",0,5,0,"5",2
"3539",0,5,0,"5",3
"3540",0,5,0,"5",4
"3541",0,5,0,"5",5
"3542",0,5,0,"5",6
"3543",0,5,0,"5",7
"3544",0,5,0,"5",8
"3545",0,5,0,"5",9
"3546",0,5,0,"5",10
"3547",0,5,0,"5",11
"3548",0,5,0,"5",12
"3549",0,5,0,"5",13
"3550",0,5,0,"5",14
"3551",0,5,0,"5",15
"3552",0,5,0,"5",16
"3553",0,5,0,"5",17
"3554",0,5,0,"5",18
"3555",0,5,0,"5",19
"3556",0,5,0,"5",20
"3557",0,5,0,"5",21
"3558",0,5,0,"5",22
"3559",0,5,0,"5",23
"3560",0,5,0,"5",24
"3561",0,5,0,"5",25
"3562",0,5,0,"5",26
"3563",0,5,0,"5",27
"3564",0,5,0,"5",28
"3565",0,5,0,"5",29
"3566",0,5,0,"5",30
"3567",0,5,0,"5",31
"3568",0,5,0,"5",32
"3569",0,5,0,"5",33
"3570",0,5,0,"5",34
"3571",0,5,0,"5",35
"3572",0,5,0,"5",36
"3573",0,5,0,"5",37
"3574",0,5,0,"5",38
"3575",0,5,0,"5",39
"3576",0,5,0,"5",40
"3577",0,5,0,"5",41
"3578",0,5,0,"5",42
"3579",0,5,0,"5",43
"3580",0,5,0,"5",44
"3581",0,5,0,"5",45
"3582",0,5,0,"5",46
"3583",0,5,0,"5",47
"3584",0,5,0,"5",48
"3585",0,5,0,"5",49
"3586",0,5,0,"5",50
"3587",0,5,0,"5",51
"3588",0,5,0,"5",52
"261",53,1,21.3663589665062,"6",1
"262",54,1,23.0357249135543,"6",2
"263",55,1,23.7442902307137,"6",3
"264",56,1,22.3743275901341,"6",4
"265",57,1,19.4914557939073,"6",5
"266",58,1,15.9962321018969,"6",6
"267",59,1,12.9816171206408,"6",7
"268",60,1,11.2425314711255,"6",8
"269",61,1,11.0880405663772,"6",9
"270",62,1,12.1028563124741,"6",10
"271",63,1,13.6078662981175,"6",11
"272",64,1,14.8980431223164,"6",12
"273",65,1,15.8436405528905,"6",13
"274",66,1,16.5139759297615,"6",14
"275",67,1,16.8736617698926,"6",15
"276",68,1,16.666877247675,"6",16
"277",69,1,15.7077361774414,"6",17
"278",70,1,14.4558401983728,"6",18
"279",71,1,13.6929106941892,"6",19
"280",72,1,13.957884330321,"6",20
"281",73,1,15.1112649443405,"6",21
"282",74,1,16.7592830305389,"6",22
"283",75,1,18.4457656684694,"6",23
"284",76,1,19.7726072988464,"6",24
"285",77,1,20.3171815811062,"6",25
"286",78,1,20.2253369151514,"6",26
"287",79,1,20.4639987523937,"6",27
"288",80,1,22.0381183416914,"6",28
"289",81,1,24.8665861989221,"6",29
"290",82,1,27.6988279129504,"6",30
"291",83,1,29.1675837677096,"6",31
"292",84,1,30.5531247322282,"6",32
"293",85,1,34.5919582354342,"6",33
"294",86,1,43.457457647209,"6",34
"295",87,1,53.9213876472765,"6",35
"296",88,1,57.7311846010946,"6",36
"297",89,1,52.4355231231932,"6",37
"298",90,1,45.9235431366509,"6",38
"299",91,1,43.9510889943829,"6",39
"300",92,1,45.7450546943362,"6",40
"301",93,1,47.5717129082001,"6",41
"302",94,1,46.2283811248967,"6",42
"303",95,1,42.9113614032855,"6",43
"304",96,1,39.9150740046695,"6",44
"305",97,1,38.1487090279062,"6",45
"306",98,1,36.5581541079853,"6",46
"307",99,1,34.0862259819918,"6",47
"308",100,1,30.655523841331,"6",48
"309",101,1,26.9772065516932,"6",49
"310",102,1,23.6287162494635,"6",50
"311",103,1,21.2547219594544,"6",51
"312",104,1,20.4164721414537,"6",52
"1093",0,2,0,"6",1
"1094",0,2,0,"6",2
"1095",0,2,0,"6",3
"1096",0,2,0,"6",4
"1097",0,2,0,"6",5
"1098",0,2,0,"6",6
"1099",0,2,0,"6",7
"1100",0,2,0,"6",8
"1101",0,2,0,"6",9
"1102",0,2,0,"6",10
"1103",0,2,0,"6",11
"1104",0,2,0,"6",12
"1105",0,2,0,"6",13
"1106",0,2,0,"6",14
"1107",0,2,0,"6",15
"1108",0,2,0,"6",16
"1109",0,2,0,"6",17
"1110",0,2,0,"6",18
"1111",0,2,0,"6",19
"1112",0,2,0,"6",20
"1113",0,2,0,"6",21
"1114",0,2,0,"6",22
"1115",0,2,0,"6",23
"1116",0,2,0,"6",24
"1117",0,2,0,"6",25
"1118",0,2,0,"6",26
"1119",0,2,0,"6",27
"1120",0,2,0,"6",28
"1121",0,2,0,"6",29
"1122",0,2,0,"6",30
"1123",0,2,0,"6",31
"1124",0,2,0,"6",32
"1125",0,2,0,"6",33
"1126",0,2,0,"6",34
"1127",0,2,0,"6",35
"1128",0,2,0,"6",36
"1129",0,2,0,"6",37
"1130",0,2,0,"6",38
"1131",0,2,0,"6",39
"1132",0,2,0,"6",40
"1133",0,2,0,"6",41
"1134",0,2,0,"6",42
"1135",0,2,0,"6",43
"1136",0,2,0,"6",44
"1137",0,2,0,"6",45
"1138",0,2,0,"6",46
"1139",0,2,0,"6",47
"1140",0,2,0,"6",48
"1141",0,2,0,"6",49
"1142",0,2,0,"6",50
"1143",0,2,0,"6",51
"1144",0,2,0,"6",52
"1925",0,3,0,"6",1
"1926",0,3,0,"6",2
"1927",0,3,0,"6",3
"1928",0,3,0,"6",4
"1929",0,3,0,"6",5
"1930",0,3,0,"6",6
"1931",0,3,0,"6",7
"1932",0,3,0,"6",8
"1933",0,3,0,"6",9
"1934",0,3,0,"6",10
"1935",0,3,0,"6",11
"1936",0,3,0,"6",12
"1937",0,3,0,"6",13
"1938",0,3,0,"6",14
"1939",0,3,0,"6",15
"1940",0,3,0,"6",16
"1941",0,3,0,"6",17
"1942",0,3,0,"6",18
"1943",0,3,0,"6",19
"1944",0,3,0,"6",20
"1945",0,3,0,"6",21
"1946",0,3,0,"6",22
"1947",0,3,0,"6",23
"1948",0,3,0,"6",24
"1949",0,3,0,"6",25
"1950",0,3,0,"6",26
"1951",0,3,0,"6",27
"1952",0,3,0,"6",28
"1953",0,3,0,"6",29
"1954",0,3,0,"6",30
"1955",0,3,0,"6",31
"1956",0,3,0,"6",32
"1957",0,3,0,"6",33
"1958",0,3,0,"6",34
"1959",0,3,0,"6",35
"1960",0,3,0,"6",36
"1961",0,3,0,"6",37
"1962",0,3,0,"6",38
"1963",0,3,0,"6",39
"1964",0,3,0,"6",40
"1965",0,3,0,"6",41
"1966",0,3,0,"6",42
"1967",0,3,0,"6",43
"1968",0,3,0,"6",44
"1969",0,3,0,"6",45
"1970",0,3,0,"6",46
"1971",0,3,0,"6",47
"1972",0,3,0,"6",48
"1973",0,3,0,"6",49
"1974",0,3,0,"6",50
"1975",0,3,0,"6",51
"1976",0,3,0,"6",52
"2757",0,4,0,"6",1
"2758",0,4,0,"6",2
"2759",0,4,0,"6",3
"2760",0,4,0,"6",4
"2761",0,4,0,"6",5
"2762",0,4,0,"6",6
"2763",0,4,0,"6",7
"2764",0,4,0,"6",8
"2765",0,4,0,"6",9
"2766",0,4,0,"6",10
"2767",0,4,0,"6",11
"2768",0,4,0,"6",12
"2769",0,4,0,"6",13
"2770",0,4,0,"6",14
"2771",0,4,0,"6",15
"2772",0,4,0,"6",16
"2773",0,4,0,"6",17
"2774",0,4,0,"6",18
"2775",0,4,0,"6",19
"2776",0,4,0,"6",20
"2777",0,4,0,"6",21
"2778",0,4,0,"6",22
"2779",0,4,0,"6",23
"2780",0,4,0,"6",24
"2781",0,4,0,"6",25
"2782",0,4,0,"6",26
"2783",0,4,0,"6",27
"2784",0,4,0,"6",28
"2785",0,4,0,"6",29
"2786",0,4,0,"6",30
"2787",0,4,0,"6",31
"2788",0,4,0,"6",32
"2789",0,4,0,"6",33
"2790",0,4,0,"6",34
"2791",0,4,0,"6",35
"2792",0,4,0,"6",36
"2793",0,4,0,"6",37
"2794",0,4,0,"6",38
"2795",0,4,0,"6",39
"2796",0,4,0,"6",40
"2797",0,4,0,"6",41
"2798",0,4,0,"6",42
"2799",0,4,0,"6",43
"2800",0,4,0,"6",44
"2801",0,4,0,"6",45
"2802",0,4,0,"6",46
"2803",0,4,0,"6",47
"2804",0,4,0,"6",48
"2805",0,4,0,"6",49
"2806",0,4,0,"6",50
"2807",0,4,0,"6",51
"2808",0,4,0,"6",52
"3589",0,5,0,"6",1
"3590",0,5,0,"6",2
"3591",0,5,0,"6",3
"3592",0,5,0,"6",4
"3593",0,5,0,"6",5
"3594",0,5,0,"6",6
"3595",0,5,0,"6",7
"3596",0,5,0,"6",8
"3597",0,5,0,"6",9
"3598",0,5,0,"6",10
"3599",0,5,0,"6",11
"3600",0,5,0,"6",12
"3601",0,5,0,"6",13
"3602",0,5,0,"6",14
"3603",0,5,0,"6",15
"3604",0,5,0,"6",16
"3605",0,5,0,"6",17
"3606",0,5,0,"6",18
"3607",0,5,0,"6",19
"3608",0,5,0,"6",20
"3609",0,5,0,"6",21
"3610",0,5,0,"6",22
"3611",0,5,0,"6",23
"3612",0,5,0,"6",24
"3613",0,5,0,"6",25
"3614",0,5,0,"6",26
"3615",0,5,0,"6",27
"3616",0,5,0,"6",28
"3617",0,5,0,"6",29
"3618",0,5,0,"6",30
"3619",0,5,0,"6",31
"3620",0,5,0,"6",32
"3621",0,5,0,"6",33
"3622",0,5,0,"6",34
"3623",0,5,0,"6",35
"3624",0,5,0,"6",36
"3625",0,5,0,"6",37
"3626",0,5,0,"6",38
"3627",0,5,0,"6",39
"3628",0,5,0,"6",40
"3629",0,5,0,"6",41
"3630",0,5,0,"6",42
"3631",0,5,0,"6",43
"3632",0,5,0,"6",44
"3633",0,5,0,"6",45
"3634",0,5,0,"6",46
"3635",0,5,0,"6",47
"3636",0,5,0,"6",48
"3637",0,5,0,"6",49
"3638",0,5,0,"6",50
"3639",0,5,0,"6",51
"3640",0,5,0,"6",52
"313",105,1,22.0339783477124,"7",1
"314",106,1,20.6724714677038,"7",2
"315",107,1,19.5401637337549,"7",3
"316",108,1,18.6133605636876,"7",4
"317",109,1,17.8770605170155,"7",5
"318",110,1,17.3239489894374,"7",6
"319",111,1,17.0150324113259,"7",7
"320",112,1,17.0746078818569,"7",8
"321",113,1,17.6139601776135,"7",9
"322",114,1,18.4981619978955,"7",10
"323",115,1,19.4431722148346,"7",11
"324",116,1,20.1539593200561,"7",12
"325",117,1,20.4608684800055,"7",13
"326",118,1,20.2410356227697,"7",14
"327",119,1,19.4948058398976,"7",15
"328",120,1,18.3921949995065,"7",16
"329",121,1,17.1174876978571,"7",17
"330",122,1,15.9079521701248,"7",18
"331",123,1,15.0048766812326,"7",19
"332",124,1,14.5650150603036,"7",20
"333",125,1,14.5102486689081,"7",21
"334",126,1,14.699032919071,"7",22
"335",127,1,15.03143844984,"7",23
"336",128,1,15.4975862867074,"7",24
"337",129,1,16.1062927427569,"7",25
"338",130,1,16.8483556992803,"7",26
"339",131,1,17.6819538623479,"7",27
"340",132,1,18.5623163047142,"7",28
"341",133,1,19.5519846474833,"7",29
"342",134,1,20.815258951722,"7",30
"343",135,1,22.5302682822262,"7",31
"344",136,1,24.7351527443475,"7",32
"345",137,1,27.4011101816947,"7",33
"346",138,1,30.438454069061,"7",34
"347",139,1,33.6089458341548,"7",35
"348",140,1,36.5528151282696,"7",36
"349",141,1,38.963476935391,"7",37
"350",142,1,40.7091995391154,"7",38
"351",143,1,41.7140034356589,"7",39
"352",144,1,42.0454072365408,"7",40
"353",145,1,41.8729505550413,"7",41
"354",146,1,41.356186730249,"7",42
"355",147,1,40.5156170431119,"7",43
"356",148,1,39.3383186713758,"7",44
"357",149,1,37.8401850184716,"7",45
"358",150,1,36.0822206295368,"7",46
"359",151,1,34.1308627808156,"7",47
"360",152,1,32.0447945063282,"7",48
"361",153,1,29.873903996149,"7",49
"362",154,1,27.6725498217005,"7",50
"363",155,1,25.5591681295824,"7",51
"364",156,1,23.6566377577746,"7",52
"1145",0,2,0,"7",1
"1146",0,2,0,"7",2
"1147",0,2,0,"7",3
"1148",0,2,0,"7",4
"1149",0,2,0,"7",5
"1150",0,2,0,"7",6
"1151",0,2,0,"7",7
"1152",0,2,0,"7",8
"1153",0,2,0,"7",9
"1154",0,2,0,"7",10
"1155",0,2,0,"7",11
"1156",0,2,0,"7",12
"1157",0,2,0,"7",13
"1158",0,2,0,"7",14
"1159",0,2,0,"7",15
"1160",0,2,0,"7",16
"1161",0,2,0,"7",17
"1162",0,2,0,"7",18
"1163",0,2,0,"7",19
"1164",0,2,0,"7",20
"1165",0,2,0,"7",21
"1166",0,2,0,"7",22
"1167",0,2,0,"7",23
"1168",0,2,0,"7",24
"1169",0,2,0,"7",25
"1170",0,2,0,"7",26
"1171",0,2,0,"7",27
"1172",0,2,0,"7",28
"1173",0,2,0,"7",29
"1174",0,2,0,"7",30
"1175",0,2,0,"7",31
"1176",0,2,0,"7",32
"1177",0,2,0,"7",33
"1178",0,2,0,"7",34
"1179",0,2,0,"7",35
"1180",0,2,0,"7",36
"1181",0,2,0,"7",37
"1182",0,2,0,"7",38
"1183",0,2,0,"7",39
"1184",0,2,0,"7",40
"1185",0,2,0,"7",41
"1186",0,2,0,"7",42
"1187",0,2,0,"7",43
"1188",0,2,0,"7",44
"1189",0,2,0,"7",45
"1190",0,2,0,"7",46
"1191",0,2,0,"7",47
"1192",0,2,0,"7",48
"1193",0,2,0,"7",49
"1194",0,2,0,"7",50
"1195",0,2,0,"7",51
"1196",0,2,0,"7",52
"1977",0,3,0,"7",1
"1978",0,3,0,"7",2
"1979",0,3,0,"7",3
"1980",0,3,0,"7",4
"1981",0,3,0,"7",5
"1982",0,3,0,"7",6
"1983",0,3,0,"7",7
"1984",0,3,0,"7",8
"1985",0,3,0,"7",9
"1986",0,3,0,"7",10
"1987",0,3,0,"7",11
"1988",0,3,0,"7",12
"1989",0,3,0,"7",13
"1990",0,3,0,"7",14
"1991",0,3,0,"7",15
"1992",0,3,0,"7",16
"1993",0,3,0,"7",17
"1994",0,3,0,"7",18
"1995",0,3,0,"7",19
"1996",0,3,0,"7",20
"1997",0,3,0,"7",21
"1998",0,3,0,"7",22
"1999",0,3,0,"7",23
"2000",0,3,0,"7",24
"2001",0,3,0,"7",25
"2002",0,3,0,"7",26
"2003",0,3,0,"7",27
"2004",0,3,0,"7",28
"2005",0,3,0,"7",29
"2006",0,3,0,"7",30
"2007",0,3,0,"7",31
"2008",0,3,0,"7",32
"2009",0,3,0,"7",33
"2010",0,3,0,"7",34
"2011",0,3,0,"7",35
"2012",0,3,0,"7",36
"2013",0,3,0,"7",37
"2014",0,3,0,"7",38
"2015",0,3,0,"7",39
"2016",0,3,0,"7",40
"2017",0,3,0,"7",41
"2018",0,3,0,"7",42
"2019",0,3,0,"7",43
"2020",0,3,0,"7",44
"2021",0,3,0,"7",45
"2022",0,3,0,"7",46
"2023",0,3,0,"7",47
"2024",0,3,0,"7",48
"2025",0,3,0,"7",49
"2026",0,3,0,"7",50
"2027",0,3,0,"7",51
"2028",0,3,0,"7",52
"2809",0,4,0,"7",1
"2810",0,4,0,"7",2
"2811",0,4,0,"7",3
"2812",0,4,0,"7",4
"2813",0,4,0,"7",5
"2814",0,4,0,"7",6
"2815",0,4,0,"7",7
"2816",0,4,0,"7",8
"2817",0,4,0,"7",9
"2818",0,4,0,"7",10
"2819",0,4,0,"7",11
"2820",0,4,0,"7",12
"2821",0,4,0,"7",13
"2822",0,4,0,"7",14
"2823",0,4,0,"7",15
"2824",0,4,0,"7",16
"2825",0,4,0,"7",17
"2826",0,4,0,"7",18
"2827",0,4,0,"7",19
"2828",0,4,0,"7",20
"2829",0,4,0,"7",21
"2830",0,4,0,"7",22
"2831",0,4,0,"7",23
"2832",0,4,0,"7",24
"2833",0,4,0,"7",25
"2834",0,4,0,"7",26
"2835",0,4,0,"7",27
"2836",0,4,0,"7",28
"2837",0,4,0,"7",29
"2838",0,4,0,"7",30
"2839",0,4,0,"7",31
"2840",0,4,0,"7",32
"2841",0,4,0,"7",33
"2842",0,4,0,"7",34
"2843",0,4,0,"7",35
"2844",0,4,0,"7",36
"2845",0,4,0,"7",37
"2846",0,4,0,"7",38
"2847",0,4,0,"7",39
"2848",0,4,0,"7",40
"2849",0,4,0,"7",41
"2850",0,4,0,"7",42
"2851",0,4,0,"7",43
"2852",0,4,0,"7",44
"2853",0,4,0,"7",45
"2854",0,4,0,"7",46
"2855",0,4,0,"7",47
"2856",0,4,0,"7",48
"2857",0,4,0,"7",49
"2858",0,4,0,"7",50
"2859",0,4,0,"7",51
"2860",0,4,0,"7",52
"3641",0,5,0,"7",1
"3642",0,5,0,"7",2
"3643",0,5,0,"7",3
"3644",0,5,0,"7",4
"3645",0,5,0,"7",5
"3646",0,5,0,"7",6
"3647",0,5,0,"7",7
"3648",0,5,0,"7",8
"3649",0,5,0,"7",9
"3650",0,5,0,"7",10
"3651",0,5,0,"7",11
"3652",0,5,0,"7",12
"3653",0,5,0,"7",13
"3654",0,5,0,"7",14
"3655",0,5,0,"7",15
"3656",0,5,0,"7",16
"3657",0,5,0,"7",17
"3658",0,5,0,"7",18
"3659",0,5,0,"7",19
"3660",0,5,0,"7",20
"3661",0,5,0,"7",21
"3662",0,5,0,"7",22
"3663",0,5,0,"7",23
"3664",0,5,0,"7",24
"3665",0,5,0,"7",25
"3666",0,5,0,"7",26
"3667",0,5,0,"7",27
"3668",0,5,0,"7",28
"3669",0,5,0,"7",29
"3670",0,5,0,"7",30
"3671",0,5,0,"7",31
"3672",0,5,0,"7",32
"3673",0,5,0,"7",33
"3674",0,5,0,"7",34
"3675",0,5,0,"7",35
"3676",0,5,0,"7",36
"3677",0,5,0,"7",37
"3678",0,5,0,"7",38
"3679",0,5,0,"7",39
"3680",0,5,0,"7",40
"3681",0,5,0,"7",41
"3682",0,5,0,"7",42
"3683",0,5,0,"7",43
"3684",0,5,0,"7",44
"3685",0,5,0,"7",45
"3686",0,5,0,"7",46
"3687",0,5,0,"7",47
"3688",0,5,0,"7",48
"3689",0,5,0,"7",49
"3690",0,5,0,"7",50
"3691",0,5,0,"7",51
"3692",0,5,0,"7",52
"365",157,1,26.9274611392037,"8",1
"366",158,1,24.5677624058745,"8",2
"367",159,1,22.4958275884601,"8",3
"368",160,1,20.7116923824877,"8",4
"369",161,1,19.2532874015142,"8",5
"370",162,1,18.1489149236064,"8",6
"371",163,1,17.4019895105576,"8",7
"372",164,1,17.0057710571141,"8",8
"373",165,1,16.9543569304774,"8",9
"374",166,1,17.144168729375,"8",10
"375",167,1,17.4257166029845,"8",11
"376",168,1,17.6659469155134,"8",12
"377",169,1,17.8021458537668,"8",13
"378",170,1,17.7879249319862,"8",14
"379",171,1,17.6054170331043,"8",15
"380",172,1,17.2821164363403,"8",16
"381",173,1,16.8550760727801,"8",17
"382",174,1,16.4218348121711,"8",18
"383",175,1,16.1198914156987,"8",19
"384",176,1,16.0609428885246,"8",20
"385",177,1,16.2389898055595,"8",21
"386",178,1,16.6081188152147,"8",22
"387",179,1,17.1350972532997,"8",23
"388",180,1,17.8152297185185,"8",24
"389",181,1,18.6507381215652,"8",25
"390",182,1,19.6435699527748,"8",26
"391",183,1,20.7934624605415,"8",27
"392",184,1,22.0984764153009,"8",28
"393",185,1,23.5468199221379,"8",29
"394",186,1,25.1154771817188,"8",30
"395",187,1,26.7802399135889,"8",31
"396",188,1,28.5526257981341,"8",32
"397",189,1,30.4620774160223,"8",33
"398",190,1,32.5328098191023,"8",34
"399",191,1,34.7620089238144,"8",35
"400",192,1,37.1377737608784,"8",36
"401",193,1,39.6260326114396,"8",37
"402",194,1,42.1602583688477,"8",38
"403",195,1,44.6562136397306,"8",39
"404",196,1,47.0213929036752,"8",40
"405",197,1,49.1555872350571,"8",41
"406",198,1,50.9222309114314,"8",42
"407",199,1,52.0457797768567,"8",43
"408",200,1,52.2124527313727,"8",44
"409",201,1,51.2456459539981,"8",45
"410",202,1,49.2479115390031,"8",46
"411",203,1,46.4067876539073,"8",47
"412",204,1,43.0158973159169,"8",48
"413",205,1,39.4232515409957,"8",49
"414",206,1,35.9036579128248,"8",50
"415",207,1,32.6048425421521,"8",51
"416",208,1,29.6010682132199,"8",52
"1197",0,2,0,"8",1
"1198",0,2,0,"8",2
"1199",0,2,0,"8",3
"1200",0,2,0,"8",4
"1201",0,2,0,"8",5
"1202",0,2,0,"8",6
"1203",0,2,0,"8",7
"1204",0,2,0,"8",8
"1205",0,2,0,"8",9
"1206",0,2,0,"8",10
"1207",0,2,0,"8",11
"1208",0,2,0,"8",12
"1209",0,2,0,"8",13
"1210",0,2,0,"8",14
"1211",0,2,0,"8",15
"1212",0,2,0,"8",16
"1213",0,2,0,"8",17
"1214",0,2,0,"8",18
"1215",0,2,0,"8",19
"1216",0,2,0,"8",20
"1217",0,2,0,"8",21
"1218",0,2,0,"8",22
"1219",0,2,0,"8",23
"1220",0,2,0,"8",24
"1221",0,2,0,"8",25
"1222",0,2,0,"8",26
"1223",0,2,0,"8",27
"1224",0,2,0,"8",28
"1225",0,2,0,"8",29
"1226",0,2,0,"8",30
"1227",0,2,0,"8",31
"1228",0,2,0,"8",32
"1229",0,2,0,"8",33
"1230",0,2,0,"8",34
"1231",0,2,0,"8",35
"1232",0,2,0,"8",36
"1233",0,2,0,"8",37
"1234",0,2,0,"8",38
"1235",0,2,0,"8",39
"1236",0,2,0,"8",40
"1237",0,2,0,"8",41
"1238",0,2,0,"8",42
"1239",0,2,0,"8",43
"1240",0,2,0,"8",44
"1241",0,2,0,"8",45
"1242",0,2,0,"8",46
"1243",0,2,0,"8",47
"1244",0,2,0,"8",48
"1245",0,2,0,"8",49
"1246",0,2,0,"8",50
"1247",0,2,0,"8",51
"1248",0,2,0,"8",52
"2029",0,3,0,"8",1
"2030",0,3,0,"8",2
"2031",0,3,0,"8",3
"2032",0,3,0,"8",4
"2033",0,3,0,"8",5
"2034",0,3,0,"8",6
"2035",0,3,0,"8",7
"2036",0,3,0,"8",8
"2037",0,3,0,"8",9
"2038",0,3,0,"8",10
"2039",0,3,0,"8",11
"2040",0,3,0,"8",12
"2041",0,3,0,"8",13
"2042",0,3,0,"8",14
"2043",0,3,0,"8",15
"2044",0,3,0,"8",16
"2045",0,3,0,"8",17
"2046",0,3,0,"8",18
"2047",0,3,0,"8",19
"2048",0,3,0,"8",20
"2049",0,3,0,"8",21
"2050",0,3,0,"8",22
"2051",0,3,0,"8",23
"2052",0,3,0,"8",24
"2053",0,3,0,"8",25
"2054",0,3,0,"8",26
"2055",0,3,0,"8",27
"2056",0,3,0,"8",28
"2057",0,3,0,"8",29
"2058",0,3,0,"8",30
"2059",0,3,0,"8",31
"2060",0,3,0,"8",32
"2061",0,3,0,"8",33
"2062",0,3,0,"8",34
"2063",0,3,0,"8",35
"2064",0,3,0,"8",36
"2065",0,3,0,"8",37
"2066",0,3,0,"8",38
"2067",0,3,0,"8",39
"2068",0,3,0,"8",40
"2069",0,3,0,"8",41
"2070",0,3,0,"8",42
"2071",0,3,0,"8",43
"2072",0,3,0,"8",44
"2073",0,3,0,"8",45
"2074",0,3,0,"8",46
"2075",0,3,0,"8",47
"2076",0,3,0,"8",48
"2077",0,3,0,"8",49
"2078",0,3,0,"8",50
"2079",0,3,0,"8",51
"2080",0,3,0,"8",52
"2861",0,4,0,"8",1
"2862",0,4,0,"8",2
"2863",0,4,0,"8",3
"2864",0,4,0,"8",4
"2865",0,4,0,"8",5
"2866",0,4,0,"8",6
"2867",0,4,0,"8",7
"2868",0,4,0,"8",8
"2869",0,4,0,"8",9
"2870",0,4,0,"8",10
"2871",0,4,0,"8",11
"2872",0,4,0,"8",12
"2873",0,4,0,"8",13
"2874",0,4,0,"8",14
"2875",0,4,0,"8",15
"2876",0,4,0,"8",16
"2877",0,4,0,"8",17
"2878",0,4,0,"8",18
"2879",0,4,0,"8",19
"2880",0,4,0,"8",20
"2881",0,4,0,"8",21
"2882",0,4,0,"8",22
"2883",0,4,0,"8",23
"2884",0,4,0,"8",24
"2885",0,4,0,"8",25
"2886",0,4,0,"8",26
"2887",0,4,0,"8",27
"2888",0,4,0,"8",28
"2889",0,4,0,"8",29
"2890",0,4,0,"8",30
"2891",0,4,0,"8",31
"2892",0,4,0,"8",32
"2893",0,4,0,"8",33
"2894",0,4,0,"8",34
"2895",0,4,0,"8",35
"2896",0,4,0,"8",36
"2897",0,4,0,"8",37
"2898",0,4,0,"8",38
"2899",0,4,0,"8",39
"2900",0,4,0,"8",40
"2901",0,4,0,"8",41
"2902",0,4,0,"8",42
"2903",0,4,0,"8",43
"2904",0,4,0,"8",44
"2905",0,4,0,"8",45
"2906",0,4,0,"8",46
"2907",0,4,0,"8",47
"2908",0,4,0,"8",48
"2909",0,4,0,"8",49
"2910",0,4,0,"8",50
"2911",0,4,0,"8",51
"2912",0,4,0,"8",52
"3693",0,5,0,"8",1
"3694",0,5,0,"8",2
"3695",0,5,0,"8",3
"3696",0,5,0,"8",4
"3697",0,5,0,"8",5
"3698",0,5,0,"8",6
"3699",0,5,0,"8",7
"3700",0,5,0,"8",8
"3701",0,5,0,"8",9
"3702",0,5,0,"8",10
"3703",0,5,0,"8",11
"3704",0,5,0,"8",12
"3705",0,5,0,"8",13
"3706",0,5,0,"8",14
"3707",0,5,0,"8",15
"3708",0,5,0,"8",16
"3709",0,5,0,"8",17
"3710",0,5,0,"8",18
"3711",0,5,0,"8",19
"3712",0,5,0,"8",20
"3713",0,5,0,"8",21
"3714",0,5,0,"8",22
"3715",0,5,0,"8",23
"3716",0,5,0,"8",24
"3717",0,5,0,"8",25
"3718",0,5,0,"8",26
"3719",0,5,0,"8",27
"3720",0,5,0,"8",28
"3721",0,5,0,"8",29
"3722",0,5,0,"8",30
"3723",0,5,0,"8",31
"3724",0,5,0,"8",32
"3725",0,5,0,"8",33
"3726",0,5,0,"8",34
"3727",0,5,0,"8",35
"3728",0,5,0,"8",36
"3729",0,5,0,"8",37
"3730",0,5,0,"8",38
"3731",0,5,0,"8",39
"3732",0,5,0,"8",40
"3733",0,5,0,"8",41
"3734",0,5,0,"8",42
"3735",0,5,0,"8",43
"3736",0,5,0,"8",44
"3737",0,5,0,"8",45
"3738",0,5,0,"8",46
"3739",0,5,0,"8",47
"3740",0,5,0,"8",48
"3741",0,5,0,"8",49
"3742",0,5,0,"8",50
"3743",0,5,0,"8",51
"3744",0,5,0,"8",52
"417",0,1,0,"9",1
"418",0,1,0,"9",2
"419",0,1,0,"9",3
"420",0,1,0,"9",4
"421",0,1,0,"9",5
"422",0,1,0,"9",6
"423",0,1,0,"9",7
"424",0,1,0,"9",8
"425",0,1,0,"9",9
"426",0,1,0,"9",10
"427",0,1,0,"9",11
"428",0,1,0,"9",12
"429",0,1,0,"9",13
"430",0,1,0,"9",14
"431",0,1,0,"9",15
"432",0,1,0,"9",16
"433",0,1,0,"9",17
"434",0,1,0,"9",18
"435",0,1,0,"9",19
"436",0,1,0,"9",20
"437",0,1,0,"9",21
"438",0,1,0,"9",22
"439",0,1,0,"9",23
"440",0,1,0,"9",24
"441",0,1,0,"9",25
"442",0,1,0,"9",26
"443",0,1,0,"9",27
"444",0,1,0,"9",28
"445",0,1,0,"9",29
"446",0,1,0,"9",30
"447",0,1,0,"9",31
"448",0,1,0,"9",32
"449",0,1,0,"9",33
"450",0,1,0,"9",34
"451",0,1,0,"9",35
"452",0,1,0,"9",36
"453",0,1,0,"9",37
"454",0,1,0,"9",38
"455",0,1,0,"9",39
"456",0,1,0,"9",40
"457",0,1,0,"9",41
"458",0,1,0,"9",42
"459",0,1,0,"9",43
"460",0,1,0,"9",44
"461",0,1,0,"9",45
"462",0,1,0,"9",46
"463",0,1,0,"9",47
"464",0,1,0,"9",48
"465",0,1,0,"9",49
"466",0,1,0,"9",50
"467",0,1,0,"9",51
"468",0,1,0,"9",52
"1249",0,2,0,"9",1
"1250",0,2,0,"9",2
"1251",0,2,0,"9",3
"1252",0,2,0,"9",4
"1253",0,2,0,"9",5
"1254",0,2,0,"9",6
"1255",0,2,0,"9",7
"1256",0,2,0,"9",8
"1257",0,2,0,"9",9
"1258",0,2,0,"9",10
"1259",0,2,0,"9",11
"1260",0,2,0,"9",12
"1261",0,2,0,"9",13
"1262",0,2,0,"9",14
"1263",0,2,0,"9",15
"1264",0,2,0,"9",16
"1265",0,2,0,"9",17
"1266",0,2,0,"9",18
"1267",0,2,0,"9",19
"1268",0,2,0,"9",20
"1269",0,2,0,"9",21
"1270",0,2,0,"9",22
"1271",0,2,0,"9",23
"1272",0,2,0,"9",24
"1273",0,2,0,"9",25
"1274",0,2,0,"9",26
"1275",0,2,0,"9",27
"1276",0,2,0,"9",28
"1277",0,2,0,"9",29
"1278",0,2,0,"9",30
"1279",0,2,0,"9",31
"1280",0,2,0,"9",32
"1281",0,2,0,"9",33
"1282",0,2,0,"9",34
"1283",0,2,0,"9",35
"1284",0,2,0,"9",36
"1285",0,2,0,"9",37
"1286",0,2,0,"9",38
"1287",0,2,0,"9",39
"1288",0,2,0,"9",40
"1289",0,2,0,"9",41
"1290",0,2,0,"9",42
"1291",0,2,0,"9",43
"1292",0,2,0,"9",44
"1293",0,2,0,"9",45
"1294",0,2,0,"9",46
"1295",0,2,0,"9",47
"1296",0,2,0,"9",48
"1297",0,2,0,"9",49
"1298",0,2,0,"9",50
"1299",0,2,0,"9",51
"1300",0,2,0,"9",52
"2081",0,3,0,"9",1
"2082",0,3,0,"9",2
"2083",0,3,0,"9",3
"2084",0,3,0,"9",4
"2085",0,3,0,"9",5
"2086",0,3,0,"9",6
"2087",0,3,0,"9",7
"2088",0,3,0,"9",8
"2089",0,3,0,"9",9
"2090",0,3,0,"9",10
"2091",0,3,0,"9",11
"2092",0,3,0,"9",12
"2093",0,3,0,"9",13
"2094",0,3,0,"9",14
"2095",0,3,0,"9",15
"2096",0,3,0,"9",16
"2097",0,3,0,"9",17
"2098",0,3,0,"9",18
"2099",0,3,0,"9",19
"2100",0,3,0,"9",20
"2101",0,3,0,"9",21
"2102",0,3,0,"9",22
"2103",0,3,0,"9",23
"2104",0,3,0,"9",24
"2105",0,3,0,"9",25
"2106",0,3,0,"9",26
"2107",0,3,0,"9",27
"2108",0,3,0,"9",28
"2109",0,3,0,"9",29
"2110",0,3,0,"9",30
"2111",0,3,0,"9",31
"2112",0,3,0,"9",32
"2113",0,3,0,"9",33
"2114",0,3,0,"9",34
"2115",0,3,0,"9",35
"2116",0,3,0,"9",36
"2117",0,3,0,"9",37
"2118",0,3,0,"9",38
"2119",0,3,0,"9",39
"2120",0,3,0,"9",40
"2121",0,3,0,"9",41
"2122",0,3,0,"9",42
"2123",0,3,0,"9",43
"2124",0,3,0,"9",44
"2125",0,3,0,"9",45
"2126",0,3,0,"9",46
"2127",0,3,0,"9",47
"2128",0,3,0,"9",48
"2129",0,3,0,"9",49
"2130",0,3,0,"9",50
"2131",0,3,0,"9",51
"2132",0,3,0,"9",52
"2913",0,4,0,"9",1
"2914",0,4,0,"9",2
"2915",0,4,0,"9",3
"2916",0,4,0,"9",4
"2917",0,4,0,"9",5
"2918",0,4,0,"9",6
"2919",0,4,0,"9",7
"2920",0,4,0,"9",8
"2921",0,4,0,"9",9
"2922",0,4,0,"9",10
"2923",0,4,0,"9",11
"2924",0,4,0,"9",12
"2925",0,4,0,"9",13
"2926",0,4,0,"9",14
"2927",0,4,0,"9",15
"2928",0,4,0,"9",16
"2929",0,4,0,"9",17
"2930",0,4,0,"9",18
"2931",0,4,0,"9",19
"2932",0,4,0,"9",20
"2933",0,4,0,"9",21
"2934",0,4,0,"9",22
"2935",0,4,0,"9",23
"2936",0,4,0,"9",24
"2937",0,4,0,"9",25
"2938",0,4,0,"9",26
"2939",0,4,0,"9",27
"2940",0,4,0,"9",28
"2941",0,4,0,"9",29
"2942",0,4,0,"9",30
"2943",0,4,0,"9",31
"2944",0,4,0,"9",32
"2945",0,4,0,"9",33
"2946",0,4,0,"9",34
"2947",0,4,0,"9",35
"2948",0,4,0,"9",36
"2949",0,4,0,"9",37
"2950",0,4,0,"9",38
"2951",0,4,0,"9",39
"2952",0,4,0,"9",40
"2953",0,4,0,"9",41
"2954",0,4,0,"9",42
"2955",0,4,0,"9",43
"2956",0,4,0,"9",44
"2957",0,4,0,"9",45
"2958",0,4,0,"9",46
"2959",0,4,0,"9",47
"2960",0,4,0,"9",48
"2961",0,4,0,"9",49
"2962",0,4,0,"9",50
"2963",0,4,0,"9",51
"2964",0,4,0,"9",52
"3745",0,5,0,"9",1
"3746",0,5,0,"9",2
"3747",0,5,0,"9",3
"3748",0,5,0,"9",4
"3749",0,5,0,"9",5
"3750",0,5,0,"9",6
"3751",0,5,0,"9",7
"3752",0,5,0,"9",8
"3753",0,5,0,"9",9
"3754",0,5,0,"9",10
"3755",0,5,0,"9",11
"3756",0,5,0,"9",12
"3757",0,5,0,"9",13
"3758",0,5,0,"9",14
"3759",0,5,0,"9",15
"3760",0,5,0,"9",16
"3761",0,5,0,"9",17
"3762",0,5,0,"9",18
"3763",0,5,0,"9",19
"3764",0,5,0,"9",20
"3765",0,5,0,"9",21
"3766",0,5,0,"9",22
"3767",0,5,0,"9",23
"3768",0,5,0,"9",24
"3769",0,5,0,"9",25
"3770",0,5,0,"9",26
"3771",0,5,0,"9",27
"3772",0,5,0,"9",28
"3773",0,5,0,"9",29
"3774",0,5,0,"9",30
"3775",0,5,0,"9",31
"3776",0,5,0,"9",32
"3777",0,5,0,"9",33
"3778",0,5,0,"9",34
"3779",0,5,0,"9",35
"3780",0,5,0,"9",36
"3781",0,5,0,"9",37
"3782",0,5,0,"9",38
"3783",0,5,0,"9",39
"3784",0,5,0,"9",40
"3785",0,5,0,"9",41
"3786",0,5,0,"9",42
"3787",0,5,0,"9",43
"3788",0,5,0,"9",44
"3789",0,5,0,"9",45
"3790",0,5,0,"9",46
"3791",0,5,0,"9",47
"3792",0,5,0,"9",48
"3793",0,5,0,"9",49
"3794",0,5,0,"9",50
"3795",0,5,0,"9",51
"3796",0,5,0,"9",52
"469",0,1,0,"10",1
"470",0,1,0,"10",2
"471",0,1,0,"10",3
"472",0,1,0,"10",4
"473",0,1,0,"10",5
"474",0,1,0,"10",6
"475",0,1,0,"10",7
"476",0,1,0,"10",8
"477",0,1,0,"10",9
"478",0,1,0,"10",10
"479",0,1,0,"10",11
"480",0,1,0,"10",12
"481",0,1,0,"10",13
"482",0,1,0,"10",14
"483",0,1,0,"10",15
"484",0,1,0,"10",16
"485",0,1,0,"10",17
"486",0,1,0,"10",18
"487",0,1,0,"10",19
"488",0,1,0,"10",20
"489",0,1,0,"10",21
"490",0,1,0,"10",22
"491",0,1,0,"10",23
"492",0,1,0,"10",24
"493",0,1,0,"10",25
"494",0,1,0,"10",26
"495",0,1,0,"10",27
"496",0,1,0,"10",28
"497",0,1,0,"10",29
"498",0,1,0,"10",30
"499",0,1,0,"10",31
"500",0,1,0,"10",32
"501",0,1,0,"10",33
"502",0,1,0,"10",34
"503",0,1,0,"10",35
"504",0,1,0,"10",36
"505",0,1,0,"10",37
"506",0,1,0,"10",38
"507",0,1,0,"10",39
"508",0,1,0,"10",40
"509",0,1,0,"10",41
"510",0,1,0,"10",42
"511",0,1,0,"10",43
"512",0,1,0,"10",44
"513",0,1,0,"10",45
"514",0,1,0,"10",46
"515",0,1,0,"10",47
"516",0,1,0,"10",48
"517",0,1,0,"10",49
"518",0,1,0,"10",50
"519",0,1,0,"10",51
"520",0,1,0,"10",52
"1301",0,2,0,"10",1
"1302",0,2,0,"10",2
"1303",0,2,0,"10",3
"1304",0,2,0,"10",4
"1305",0,2,0,"10",5
"1306",0,2,0,"10",6
"1307",0,2,0,"10",7
"1308",0,2,0,"10",8
"1309",0,2,0,"10",9
"1310",0,2,0,"10",10
"1311",0,2,0,"10",11
"1312",0,2,0,"10",12
"1313",0,2,0,"10",13
"1314",0,2,0,"10",14
"1315",0,2,0,"10",15
"1316",0,2,0,"10",16
"1317",0,2,0,"10",17
"1318",0,2,0,"10",18
"1319",0,2,0,"10",19
"1320",0,2,0,"10",20
"1321",0,2,0,"10",21
"1322",0,2,0,"10",22
"1323",0,2,0,"10",23
"1324",0,2,0,"10",24
"1325",0,2,0,"10",25
"1326",0,2,0,"10",26
"1327",0,2,0,"10",27
"1328",0,2,0,"10",28
"1329",0,2,0,"10",29
"1330",0,2,0,"10",30
"1331",0,2,0,"10",31
"1332",0,2,0,"10",32
"1333",0,2,0,"10",33
"1334",0,2,0,"10",34
"1335",0,2,0,"10",35
"1336",0,2,0,"10",36
"1337",0,2,0,"10",37
"1338",0,2,0,"10",38
"1339",0,2,0,"10",39
"1340",0,2,0,"10",40
"1341",0,2,0,"10",41
"1342",0,2,0,"10",42
"1343",0,2,0,"10",43
"1344",0,2,0,"10",44
"1345",0,2,0,"10",45
"1346",0,2,0,"10",46
"1347",0,2,0,"10",47
"1348",0,2,0,"10",48
"1349",0,2,0,"10",49
"1350",0,2,0,"10",50
"1351",0,2,0,"10",51
"1352",0,2,0,"10",52
"2133",0,3,0,"10",1
"2134",0,3,0,"10",2
"2135",0,3,0,"10",3
"2136",0,3,0,"10",4
"2137",0,3,0,"10",5
"2138",0,3,0,"10",6
"2139",0,3,0,"10",7
"2140",0,3,0,"10",8
"2141",0,3,0,"10",9
"2142",0,3,0,"10",10
"2143",0,3,0,"10",11
"2144",0,3,0,"10",12
"2145",0,3,0,"10",13
"2146",0,3,0,"10",14
"2147",0,3,0,"10",15
"2148",0,3,0,"10",16
"2149",0,3,0,"10",17
"2150",0,3,0,"10",18
"2151",0,3,0,"10",19
"2152",0,3,0,"10",20
"2153",0,3,0,"10",21
"2154",0,3,0,"10",22
"2155",0,3,0,"10",23
"2156",0,3,0,"10",24
"2157",0,3,0,"10",25
"2158",0,3,0,"10",26
"2159",0,3,0,"10",27
"2160",0,3,0,"10",28
"2161",0,3,0,"10",29
"2162",0,3,0,"10",30
"2163",0,3,0,"10",31
"2164",0,3,0,"10",32
"2165",0,3,0,"10",33
"2166",0,3,0,"10",34
"2167",0,3,0,"10",35
"2168",0,3,0,"10",36
"2169",0,3,0,"10",37
"2170",0,3,0,"10",38
"2171",0,3,0,"10",39
"2172",0,3,0,"10",40
"2173",0,3,0,"10",41
"2174",0,3,0,"10",42
"2175",0,3,0,"10",43
"2176",0,3,0,"10",44
"2177",0,3,0,"10",45
"2178",0,3,0,"10",46
"2179",0,3,0,"10",47
"2180",0,3,0,"10",48
"2181",0,3,0,"10",49
"2182",0,3,0,"10",50
"2183",0,3,0,"10",51
"2184",0,3,0,"10",52
"2965",0,4,0,"10",1
"2966",0,4,0,"10",2
"2967",0,4,0,"10",3
"2968",0,4,0,"10",4
"2969",0,4,0,"10",5
"2970",0,4,0,"10",6
"2971",0,4,0,"10",7
"2972",0,4,0,"10",8
"2973",0,4,0,"10",9
"2974",0,4,0,"10",10
"2975",0,4,0,"10",11
"2976",0,4,0,"10",12
"2977",0,4,0,"10",13
"2978",0,4,0,"10",14
"2979",0,4,0,"10",15
"2980",0,4,0,"10",16
"2981",0,4,0,"10",17
"2982",0,4,0,"10",18
"2983",0,4,0,"10",19
"2984",0,4,0,"10",20
"2985",0,4,0,"10",21
"2986",0,4,0,"10",22
"2987",0,4,0,"10",23
"2988",0,4,0,"10",24
"2989",0,4,0,"10",25
"2990",0,4,0,"10",26
"2991",0,4,0,"10",27
"2992",0,4,0,"10",28
"2993",0,4,0,"10",29
"2994",0,4,0,"10",30
"2995",0,4,0,"10",31
"2996",0,4,0,"10",32
"2997",0,4,0,"10",33
"2998",0,4,0,"10",34
"2999",0,4,0,"10",35
"3000",0,4,0,"10",36
"3001",0,4,0,"10",37
"3002",0,4,0,"10",38
"3003",0,4,0,"10",39
"3004",0,4,0,"10",40
"3005",0,4,0,"10",41
"3006",0,4,0,"10",42
"3007",0,4,0,"10",43
"3008",0,4,0,"10",44
"3009",0,4,0,"10",45
"3010",0,4,0,"10",46
"3011",0,4,0,"10",47
"3012",0,4,0,"10",48
"3013",0,4,0,"10",49
"3014",0,4,0,"10",50
"3015",0,4,0,"10",51
"3016",0,4,0,"10",52
"3797",0,5,0,"10",1
"3798",0,5,0,"10",2
"3799",0,5,0,"10",3
"3800",0,5,0,"10",4
"3801",0,5,0,"10",5
"3802",0,5,0,"10",6
"3803",0,5,0,"10",7
"3804",0,5,0,"10",8
"3805",0,5,0,"10",9
"3806",0,5,0,"10",10
"3807",0,5,0,"10",11
"3808",0,5,0,"10",12
"3809",0,5,0,"10",13
"3810",0,5,0,"10",14
"3811",0,5,0,"10",15
"3812",0,5,0,"10",16
"3813",0,5,0,"10",17
"3814",0,5,0,"10",18
"3815",0,5,0,"10",19
"3816",0,5,0,"10",20
"3817",0,5,0,"10",21
"3818",0,5,0,"10",22
"3819",0,5,0,"10",23
"3820",0,5,0,"10",24
"3821",0,5,0,"10",25
"3822",0,5,0,"10",26
"3823",0,5,0,"10",27
"3824",0,5,0,"10",28
"3825",0,5,0,"10",29
"3826",0,5,0,"10",30
"3827",0,5,0,"10",31
"3828",0,5,0,"10",32
"3829",0,5,0,"10",33
"3830",0,5,0,"10",34
"3831",0,5,0,"10",35
"3832",0,5,0,"10",36
"3833",0,5,0,"10",37
"3834",0,5,0,"10",38
"3835",0,5,0,"10",39
"3836",0,5,0,"10",40
"3837",0,5,0,"10",41
"3838",0,5,0,"10",42
"3839",0,5,0,"10",43
"3840",0,5,0,"10",44
"3841",0,5,0,"10",45
"3842",0,5,0,"10",46
"3843",0,5,0,"10",47
"3844",0,5,0,"10",48
"3845",0,5,0,"10",49
"3846",0,5,0,"10",50
"3847",0,5,0,"10",51
"3848",0,5,0,"10",52
"521",0,1,0,"11",1
"522",0,1,0,"11",2
"523",0,1,0,"11",3
"524",0,1,0,"11",4
"525",0,1,0,"11",5
"526",0,1,0,"11",6
"527",0,1,0,"11",7
"528",0,1,0,"11",8
"529",0,1,0,"11",9
"530",0,1,0,"11",10
"531",0,1,0,"11",11
"532",0,1,0,"11",12
"533",0,1,0,"11",13
"534",0,1,0,"11",14
"535",0,1,0,"11",15
"536",0,1,0,"11",16
"537",0,1,0,"11",17
"538",0,1,0,"11",18
"539",0,1,0,"11",19
"540",0,1,0,"11",20
"541",0,1,0,"11",21
"542",0,1,0,"11",22
"543",0,1,0,"11",23
"544",0,1,0,"11",24
"545",0,1,0,"11",25
"546",0,1,0,"11",26
"547",0,1,0,"11",27
"548",0,1,0,"11",28
"549",0,1,0,"11",29
"550",0,1,0,"11",30
"551",0,1,0,"11",31
"552",0,1,0,"11",32
"553",0,1,0,"11",33
"554",0,1,0,"11",34
"555",0,1,0,"11",35
"556",0,1,0,"11",36
"557",0,1,0,"11",37
"558",0,1,0,"11",38
"559",0,1,0,"11",39
"560",0,1,0,"11",40
"561",0,1,0,"11",41
"562",0,1,0,"11",42
"563",0,1,0,"11",43
"564",0,1,0,"11",44
"565",0,1,0,"11",45
"566",0,1,0,"11",46
"567",0,1,0,"11",47
"568",0,1,0,"11",48
"569",0,1,0,"11",49
"570",0,1,0,"11",50
"571",0,1,0,"11",51
"572",0,1,0,"11",52
"1353",0,2,0,"11",1
"1354",0,2,0,"11",2
"1355",0,2,0,"11",3
"1356",0,2,0,"11",4
"1357",0,2,0,"11",5
"1358",0,2,0,"11",6
"1359",0,2,0,"11",7
"1360",0,2,0,"11",8
"1361",0,2,0,"11",9
"1362",0,2,0,"11",10
"1363",0,2,0,"11",11
"1364",0,2,0,"11",12
"1365",0,2,0,"11",13
"1366",0,2,0,"11",14
"1367",0,2,0,"11",15
"1368",0,2,0,"11",16
"1369",0,2,0,"11",17
"1370",0,2,0,"11",18
"1371",0,2,0,"11",19
"1372",0,2,0,"11",20
"1373",0,2,0,"11",21
"1374",0,2,0,"11",22
"1375",0,2,0,"11",23
"1376",0,2,0,"11",24
"1377",0,2,0,"11",25
"1378",0,2,0,"11",26
"1379",0,2,0,"11",27
"1380",0,2,0,"11",28
"1381",0,2,0,"11",29
"1382",0,2,0,"11",30
"1383",0,2,0,"11",31
"1384",0,2,0,"11",32
"1385",0,2,0,"11",33
"1386",0,2,0,"11",34
"1387",0,2,0,"11",35
"1388",0,2,0,"11",36
"1389",0,2,0,"11",37
"1390",0,2,0,"11",38
"1391",0,2,0,"11",39
"1392",0,2,0,"11",40
"1393",0,2,0,"11",41
"1394",0,2,0,"11",42
"1395",0,2,0,"11",43
"1396",0,2,0,"11",44
"1397",0,2,0,"11",45
"1398",0,2,0,"11",46
"1399",0,2,0,"11",47
"1400",0,2,0,"11",48
"1401",0,2,0,"11",49
"1402",0,2,0,"11",50
"1403",0,2,0,"11",51
"1404",0,2,0,"11",52
"2185",0,3,0,"11",1
"2186",0,3,0,"11",2
"2187",0,3,0,"11",3
"2188",0,3,0,"11",4
"2189",0,3,0,"11",5
"2190",0,3,0,"11",6
"2191",0,3,0,"11",7
"2192",0,3,0,"11",8
"2193",0,3,0,"11",9
"2194",0,3,0,"11",10
"2195",0,3,0,"11",11
"2196",0,3,0,"11",12
"2197",0,3,0,"11",13
"2198",0,3,0,"11",14
"2199",0,3,0,"11",15
"2200",0,3,0,"11",16
"2201",0,3,0,"11",17
"2202",0,3,0,"11",18
"2203",0,3,0,"11",19
"2204",0,3,0,"11",20
"2205",0,3,0,"11",21
"2206",0,3,0,"11",22
"2207",0,3,0,"11",23
"2208",0,3,0,"11",24
"2209",0,3,0,"11",25
"2210",0,3,0,"11",26
"2211",0,3,0,"11",27
"2212",0,3,0,"11",28
"2213",0,3,0,"11",29
"2214",0,3,0,"11",30
"2215",0,3,0,"11",31
"2216",0,3,0,"11",32
"2217",0,3,0,"11",33
"2218",0,3,0,"11",34
"2219",0,3,0,"11",35
"2220",0,3,0,"11",36
"2221",0,3,0,"11",37
"2222",0,3,0,"11",38
"2223",0,3,0,"11",39
"2224",0,3,0,"11",40
"2225",0,3,0,"11",41
"2226",0,3,0,"11",42
"2227",0,3,0,"11",43
"2228",0,3,0,"11",44
"2229",0,3,0,"11",45
"2230",0,3,0,"11",46
"2231",0,3,0,"11",47
"2232",0,3,0,"11",48
"2233",0,3,0,"11",49
"2234",0,3,0,"11",50
"2235",0,3,0,"11",51
"2236",0,3,0,"11",52
"3017",0,4,0,"11",1
"3018",0,4,0,"11",2
"3019",0,4,0,"11",3
"3020",0,4,0,"11",4
"3021",0,4,0,"11",5
"3022",0,4,0,"11",6
"3023",0,4,0,"11",7
"3024",0,4,0,"11",8
"3025",0,4,0,"11",9
"3026",0,4,0,"11",10
"3027",0,4,0,"11",11
"3028",0,4,0,"11",12
"3029",0,4,0,"11",13
"3030",0,4,0,"11",14
"3031",0,4,0,"11",15
"3032",0,4,0,"11",16
"3033",0,4,0,"11",17
"3034",0,4,0,"11",18
"3035",0,4,0,"11",19
"3036",0,4,0,"11",20
"3037",0,4,0,"11",21
"3038",0,4,0,"11",22
"3039",0,4,0,"11",23
"3040",0,4,0,"11",24
"3041",0,4,0,"11",25
"3042",0,4,0,"11",26
"3043",0,4,0,"11",27
"3044",0,4,0,"11",28
"3045",0,4,0,"11",29
"3046",0,4,0,"11",30
"3047",0,4,0,"11",31
"3048",0,4,0,"11",32
"3049",0,4,0,"11",33
"3050",0,4,0,"11",34
"3051",0,4,0,"11",35
"3052",0,4,0,"11",36
"3053",0,4,0,"11",37
"3054",0,4,0,"11",38
"3055",0,4,0,"11",39
"3056",0,4,0,"11",40
"3057",0,4,0,"11",41
"3058",0,4,0,"11",42
"3059",0,4,0,"11",43
"3060",0,4,0,"11",44
"3061",0,4,0,"11",45
"3062",0,4,0,"11",46
"3063",0,4,0,"11",47
"3064",0,4,0,"11",48
"3065",0,4,0,"11",49
"3066",0,4,0,"11",50
"3067",0,4,0,"11",51
"3068",0,4,0,"11",52
"3849",0,5,0,"11",1
"3850",0,5,0,"11",2
"3851",0,5,0,"11",3
"3852",0,5,0,"11",4
"3853",0,5,0,"11",5
"3854",0,5,0,"11",6
"3855",0,5,0,"11",7
"3856",0,5,0,"11",8
"3857",0,5,0,"11",9
"3858",0,5,0,"11",10
"3859",0,5,0,"11",11
"3860",0,5,0,"11",12
"3861",0,5,0,"11",13
"3862",0,5,0,"11",14
"3863",0,5,0,"11",15
"3864",0,5,0,"11",16
"3865",0,5,0,"11",17
"3866",0,5,0,"11",18
"3867",0,5,0,"11",19
"3868",0,5,0,"11",20
"3869",0,5,0,"11",21
"3870",0,5,0,"11",22
"3871",0,5,0,"11",23
"3872",0,5,0,"11",24
"3873",0,5,0,"11",25
"3874",0,5,0,"11",26
"3875",0,5,0,"11",27
"3876",0,5,0,"11",28
"3877",0,5,0,"11",29
"3878",0,5,0,"11",30
"3879",0,5,0,"11",31
"3880",0,5,0,"11",32
"3881",0,5,0,"11",33
"3882",0,5,0,"11",34
"3883",0,5,0,"11",35
"3884",0,5,0,"11",36
"3885",0,5,0,"11",37
"3886",0,5,0,"11",38
"3887",0,5,0,"11",39
"3888",0,5,0,"11",40
"3889",0,5,0,"11",41
"3890",0,5,0,"11",42
"3891",0,5,0,"11",43
"3892",0,5,0,"11",44
"3893",0,5,0,"11",45
"3894",0,5,0,"11",46
"3895",0,5,0,"11",47
"3896",0,5,0,"11",48
"3897",0,5,0,"11",49
"3898",0,5,0,"11",50
"3899",0,5,0,"11",51
"3900",0,5,0,"11",52
"573",0,1,0,"12",1
"574",0,1,0,"12",2
"575",0,1,0,"12",3
"576",0,1,0,"12",4
"577",0,1,0,"12",5
"578",0,1,0,"12",6
"579",0,1,0,"12",7
"580",0,1,0,"12",8
"581",0,1,0,"12",9
"582",0,1,0,"12",10
"583",0,1,0,"12",11
"584",0,1,0,"12",12
"585",0,1,0,"12",13
"586",0,1,0,"12",14
"587",0,1,0,"12",15
"588",0,1,0,"12",16
"589",0,1,0,"12",17
"590",0,1,0,"12",18
"591",0,1,0,"12",19
"592",0,1,0,"12",20
"593",0,1,0,"12",21
"594",0,1,0,"12",22
"595",0,1,0,"12",23
"596",0,1,0,"12",24
"597",0,1,0,"12",25
"598",0,1,0,"12",26
"599",0,1,0,"12",27
"600",0,1,0,"12",28
"601",0,1,0,"12",29
"602",0,1,0,"12",30
"603",0,1,0,"12",31
"604",0,1,0,"12",32
"605",0,1,0,"12",33
"606",0,1,0,"12",34
"607",0,1,0,"12",35
"608",0,1,0,"12",36
"609",0,1,0,"12",37
"610",0,1,0,"12",38
"611",0,1,0,"12",39
"612",0,1,0,"12",40
"613",0,1,0,"12",41
"614",0,1,0,"12",42
"615",0,1,0,"12",43
"616",0,1,0,"12",44
"617",0,1,0,"12",45
"618",0,1,0,"12",46
"619",0,1,0,"12",47
"620",0,1,0,"12",48
"621",0,1,0,"12",49
"622",0,1,0,"12",50
"623",0,1,0,"12",51
"624",0,1,0,"12",52
"1405",0,2,0,"12",1
"1406",0,2,0,"12",2
"1407",0,2,0,"12",3
"1408",0,2,0,"12",4
"1409",0,2,0,"12",5
"1410",0,2,0,"12",6
"1411",0,2,0,"12",7
"1412",0,2,0,"12",8
"1413",0,2,0,"12",9
"1414",0,2,0,"12",10
"1415",0,2,0,"12",11
"1416",0,2,0,"12",12
"1417",0,2,0,"12",13
"1418",0,2,0,"12",14
"1419",0,2,0,"12",15
"1420",0,2,0,"12",16
"1421",0,2,0,"12",17
"1422",0,2,0,"12",18
"1423",0,2,0,"12",19
"1424",0,2,0,"12",20
"1425",0,2,0,"12",21
"1426",0,2,0,"12",22
"1427",0,2,0,"12",23
"1428",0,2,0,"12",24
"1429",0,2,0,"12",25
"1430",0,2,0,"12",26
"1431",0,2,0,"12",27
"1432",0,2,0,"12",28
"1433",0,2,0,"12",29
"1434",0,2,0,"12",30
"1435",0,2,0,"12",31
"1436",0,2,0,"12",32
"1437",0,2,0,"12",33
"1438",0,2,0,"12",34
"1439",0,2,0,"12",35
"1440",0,2,0,"12",36
"1441",0,2,0,"12",37
"1442",0,2,0,"12",38
"1443",0,2,0,"12",39
"1444",0,2,0,"12",40
"1445",0,2,0,"12",41
"1446",0,2,0,"12",42
"1447",0,2,0,"12",43
"1448",0,2,0,"12",44
"1449",0,2,0,"12",45
"1450",0,2,0,"12",46
"1451",0,2,0,"12",47
"1452",0,2,0,"12",48
"1453",0,2,0,"12",49
"1454",0,2,0,"12",50
"1455",0,2,0,"12",51
"1456",0,2,0,"12",52
"2237",0,3,0,"12",1
"2238",0,3,0,"12",2
"2239",0,3,0,"12",3
"2240",0,3,0,"12",4
"2241",0,3,0,"12",5
"2242",0,3,0,"12",6
"2243",0,3,0,"12",7
"2244",0,3,0,"12",8
"2245",0,3,0,"12",9
"2246",0,3,0,"12",10
"2247",0,3,0,"12",11
"2248",0,3,0,"12",12
"2249",0,3,0,"12",13
"2250",0,3,0,"12",14
"2251",0,3,0,"12",15
"2252",0,3,0,"12",16
"2253",0,3,0,"12",17
"2254",0,3,0,"12",18
"2255",0,3,0,"12",19
"2256",0,3,0,"12",20
"2257",0,3,0,"12",21
"2258",0,3,0,"12",22
"2259",0,3,0,"12",23
"2260",0,3,0,"12",24
"2261",0,3,0,"12",25
"2262",0,3,0,"12",26
"2263",0,3,0,"12",27
"2264",0,3,0,"12",28
"2265",0,3,0,"12",29
"2266",0,3,0,"12",30
"2267",0,3,0,"12",31
"2268",0,3,0,"12",32
"2269",0,3,0,"12",33
"2270",0,3,0,"12",34
"2271",0,3,0,"12",35
"2272",0,3,0,"12",36
"2273",0,3,0,"12",37
"2274",0,3,0,"12",38
"2275",0,3,0,"12",39
"2276",0,3,0,"12",40
"2277",0,3,0,"12",41
"2278",0,3,0,"12",42
"2279",0,3,0,"12",43
"2280",0,3,0,"12",44
"2281",0,3,0,"12",45
"2282",0,3,0,"12",46
"2283",0,3,0,"12",47
"2284",0,3,0,"12",48
"2285",0,3,0,"12",49
"2286",0,3,0,"12",50
"2287",0,3,0,"12",51
"2288",0,3,0,"12",52
"3069",0,4,0,"12",1
"3070",0,4,0,"12",2
"3071",0,4,0,"12",3
"3072",0,4,0,"12",4
"3073",0,4,0,"12",5
"3074",0,4,0,"12",6
"3075",0,4,0,"12",7
"3076",0,4,0,"12",8
"3077",0,4,0,"12",9
"3078",0,4,0,"12",10
"3079",0,4,0,"12",11
"3080",0,4,0,"12",12
"3081",0,4,0,"12",13
"3082",0,4,0,"12",14
"3083",0,4,0,"12",15
"3084",0,4,0,"12",16
"3085",0,4,0,"12",17
"3086",0,4,0,"12",18
"3087",0,4,0,"12",19
"3088",0,4,0,"12",20
"3089",0,4,0,"12",21
"3090",0,4,0,"12",22
"3091",0,4,0,"12",23
"3092",0,4,0,"12",24
"3093",0,4,0,"12",25
"3094",0,4,0,"12",26
"3095",0,4,0,"12",27
"3096",0,4,0,"12",28
"3097",0,4,0,"12",29
"3098",0,4,0,"12",30
"3099",0,4,0,"12",31
"3100",0,4,0,"12",32
"3101",0,4,0,"12",33
"3102",0,4,0,"12",34
"3103",0,4,0,"12",35
"3104",0,4,0,"12",36
"3105",0,4,0,"12",37
"3106",0,4,0,"12",38
"3107",0,4,0,"12",39
"3108",0,4,0,"12",40
"3109",0,4,0,"12",41
"3110",0,4,0,"12",42
"3111",0,4,0,"12",43
"3112",0,4,0,"12",44
"3113",0,4,0,"12",45
"3114",0,4,0,"12",46
"3115",0,4,0,"12",47
"3116",0,4,0,"12",48
"3117",0,4,0,"12",49
"3118",0,4,0,"12",50
"3119",0,4,0,"12",51
"3120",0,4,0,"12",52
"3901",0,5,0,"12",1
"3902",0,5,0,"12",2
"3903",0,5,0,"12",3
"3904",0,5,0,"12",4
"3905",0,5,0,"12",5
"3906",0,5,0,"12",6
"3907",0,5,0,"12",7
"3908",0,5,0,"12",8
"3909",0,5,0,"12",9
"3910",0,5,0,"12",10
"3911",0,5,0,"12",11
"3912",0,5,0,"12",12
"3913",0,5,0,"12",13
"3914",0,5,0,"12",14
"3915",0,5,0,"12",15
"3916",0,5,0,"12",16
"3917",0,5,0,"12",17
"3918",0,5,0,"12",18
"3919",0,5,0,"12",19
"3920",0,5,0,"12",20
"3921",0,5,0,"12",21
"3922",0,5,0,"12",22
"3923",0,5,0,"12",23
"3924",0,5,0,"12",24
"3925",0,5,0,"12",25
"3926",0,5,0,"12",26
"3927",0,5,0,"12",27
"3928",0,5,0,"12",28
"3929",0,5,0,"12",29
"3930",0,5,0,"12",30
"3931",0,5,0,"12",31
"3932",0,5,0,"12",32
"3933",0,5,0,"12",33
"3934",0,5,0,"12",34
"3935",0,5,0,"12",35
"3936",0,5,0,"12",36
"3937",0,5,0,"12",37
"3938",0,5,0,"12",38
"3939",0,5,0,"12",39
"3940",0,5,0,"12",40
"3941",0,5,0,"12",41
"3942",0,5,0,"12",42
"3943",0,5,0,"12",43
"3944",0,5,0,"12",44
"3945",0,5,0,"12",45
"3946",0,5,0,"12",46
"3947",0,5,0,"12",47
"3948",0,5,0,"12",48
"3949",0,5,0,"12",49
"3950",0,5,0,"12",50
"3951",0,5,0,"12",51
"3952",0,5,0,"12",52
"625",0,1,0,"13",1
"626",0,1,0,"13",2
"627",0,1,0,"13",3
"628",0,1,0,"13",4
"629",0,1,0,"13",5
"630",0,1,0,"13",6
"631",0,1,0,"13",7
"632",0,1,0,"13",8
"633",0,1,0,"13",9
"634",0,1,0,"13",10
"635",0,1,0,"13",11
"636",0,1,0,"13",12
"637",0,1,0,"13",13
"638",0,1,0,"13",14
"639",0,1,0,"13",15
"640",0,1,0,"13",16
"641",0,1,0,"13",17
"642",0,1,0,"13",18
"643",0,1,0,"13",19
"644",0,1,0,"13",20
"645",0,1,0,"13",21
"646",0,1,0,"13",22
"647",0,1,0,"13",23
"648",0,1,0,"13",24
"649",0,1,0,"13",25
"650",0,1,0,"13",26
"651",0,1,0,"13",27
"652",0,1,0,"13",28
"653",0,1,0,"13",29
"654",0,1,0,"13",30
"655",0,1,0,"13",31
"656",0,1,0,"13",32
"657",0,1,0,"13",33
"658",0,1,0,"13",34
"659",0,1,0,"13",35
"660",0,1,0,"13",36
"661",0,1,0,"13",37
"662",0,1,0,"13",38
"663",0,1,0,"13",39
"664",0,1,0,"13",40
"665",0,1,0,"13",41
"666",0,1,0,"13",42
"667",0,1,0,"13",43
"668",0,1,0,"13",44
"669",0,1,0,"13",45
"670",0,1,0,"13",46
"671",0,1,0,"13",47
"672",0,1,0,"13",48
"673",0,1,0,"13",49
"674",0,1,0,"13",50
"675",0,1,0,"13",51
"676",0,1,0,"13",52
"1457",0,2,0,"13",1
"1458",0,2,0,"13",2
"1459",0,2,0,"13",3
"1460",0,2,0,"13",4
"1461",0,2,0,"13",5
"1462",0,2,0,"13",6
"1463",0,2,0,"13",7
"1464",0,2,0,"13",8
"1465",0,2,0,"13",9
"1466",0,2,0,"13",10
"1467",0,2,0,"13",11
"1468",0,2,0,"13",12
"1469",0,2,0,"13",13
"1470",0,2,0,"13",14
"1471",0,2,0,"13",15
"1472",0,2,0,"13",16
"1473",0,2,0,"13",17
"1474",0,2,0,"13",18
"1475",0,2,0,"13",19
"1476",0,2,0,"13",20
"1477",0,2,0,"13",21
"1478",0,2,0,"13",22
"1479",0,2,0,"13",23
"1480",0,2,0,"13",24
"1481",0,2,0,"13",25
"1482",0,2,0,"13",26
"1483",0,2,0,"13",27
"1484",0,2,0,"13",28
"1485",0,2,0,"13",29
"1486",0,2,0,"13",30
"1487",0,2,0,"13",31
"1488",0,2,0,"13",32
"1489",0,2,0,"13",33
"1490",0,2,0,"13",34
"1491",0,2,0,"13",35
"1492",0,2,0,"13",36
"1493",0,2,0,"13",37
"1494",0,2,0,"13",38
"1495",0,2,0,"13",39
"1496",0,2,0,"13",40
"1497",0,2,0,"13",41
"1498",0,2,0,"13",42
"1499",0,2,0,"13",43
"1500",0,2,0,"13",44
"1501",0,2,0,"13",45
"1502",0,2,0,"13",46
"1503",0,2,0,"13",47
"1504",0,2,0,"13",48
"1505",0,2,0,"13",49
"1506",0,2,0,"13",50
"1507",0,2,0,"13",51
"1508",0,2,0,"13",52
"2289",0,3,0,"13",1
"2290",0,3,0,"13",2
"2291",0,3,0,"13",3
"2292",0,3,0,"13",4
"2293",0,3,0,"13",5
"2294",0,3,0,"13",6
"2295",0,3,0,"13",7
"2296",0,3,0,"13",8
"2297",0,3,0,"13",9
"2298",0,3,0,"13",10
"2299",0,3,0,"13",11
"2300",0,3,0,"13",12
"2301",0,3,0,"13",13
"2302",0,3,0,"13",14
"2303",0,3,0,"13",15
"2304",0,3,0,"13",16
"2305",0,3,0,"13",17
"2306",0,3,0,"13",18
"2307",0,3,0,"13",19
"2308",0,3,0,"13",20
"2309",0,3,0,"13",21
"2310",0,3,0,"13",22
"2311",0,3,0,"13",23
"2312",0,3,0,"13",24
"2313",0,3,0,"13",25
"2314",0,3,0,"13",26
"2315",0,3,0,"13",27
"2316",0,3,0,"13",28
"2317",0,3,0,"13",29
"2318",0,3,0,"13",30
"2319",0,3,0,"13",31
"2320",0,3,0,"13",32
"2321",0,3,0,"13",33
"2322",0,3,0,"13",34
"2323",0,3,0,"13",35
"2324",0,3,0,"13",36
"2325",0,3,0,"13",37
"2326",0,3,0,"13",38
"2327",0,3,0,"13",39
"2328",0,3,0,"13",40
"2329",0,3,0,"13",41
"2330",0,3,0,"13",42
"2331",0,3,0,"13",43
"2332",0,3,0,"13",44
"2333",0,3,0,"13",45
"2334",0,3,0,"13",46
"2335",0,3,0,"13",47
"2336",0,3,0,"13",48
"2337",0,3,0,"13",49
"2338",0,3,0,"13",50
"2339",0,3,0,"13",51
"2340",0,3,0,"13",52
"3121",0,4,0,"13",1
"3122",0,4,0,"13",2
"3123",0,4,0,"13",3
"3124",0,4,0,"13",4
"3125",0,4,0,"13",5
"3126",0,4,0,"13",6
"3127",0,4,0,"13",7
"3128",0,4,0,"13",8
"3129",0,4,0,"13",9
"3130",0,4,0,"13",10
"3131",0,4,0,"13",11
"3132",0,4,0,"13",12
"3133",0,4,0,"13",13
"3134",0,4,0,"13",14
"3135",0,4,0,"13",15
"3136",0,4,0,"13",16
"3137",0,4,0,"13",17
"3138",0,4,0,"13",18
"3139",0,4,0,"13",19
"3140",0,4,0,"13",20
"3141",0,4,0,"13",21
"3142",0,4,0,"13",22
"3143",0,4,0,"13",23
"3144",0,4,0,"13",24
"3145",0,4,0,"13",25
"3146",0,4,0,"13",26
"3147",0,4,0,"13",27
"3148",0,4,0,"13",28
"3149",0,4,0,"13",29
"3150",0,4,0,"13",30
"3151",0,4,0,"13",31
"3152",0,4,0,"13",32
"3153",0,4,0,"13",33
"3154",0,4,0,"13",34
"3155",0,4,0,"13",35
"3156",0,4,0,"13",36
"3157",0,4,0,"13",37
"3158",0,4,0,"13",38
"3159",0,4,0,"13",39
"3160",0,4,0,"13",40
"3161",0,4,0,"13",41
"3162",0,4,0,"13",42
"3163",0,4,0,"13",43
"3164",0,4,0,"13",44
"3165",0,4,0,"13",45
"3166",0,4,0,"13",46
"3167",0,4,0,"13",47
"3168",0,4,0,"13",48
"3169",0,4,0,"13",49
"3170",0,4,0,"13",50
"3171",0,4,0,"13",51
"3172",0,4,0,"13",52
"3953",0,5,0,"13",1
"3954",0,5,0,"13",2
"3955",0,5,0,"13",3
"3956",0,5,0,"13",4
"3957",0,5,0,"13",5
"3958",0,5,0,"13",6
"3959",0,5,0,"13",7
"3960",0,5,0,"13",8
"3961",0,5,0,"13",9
"3962",0,5,0,"13",10
"3963",0,5,0,"13",11
"3964",0,5,0,"13",12
"3965",0,5,0,"13",13
"3966",0,5,0,"13",14
"3967",0,5,0,"13",15
"3968",0,5,0,"13",16
"3969",0,5,0,"13",17
"3970",0,5,0,"13",18
"3971",0,5,0,"13",19
"3972",0,5,0,"13",20
"3973",0,5,0,"13",21
"3974",0,5,0,"13",22
"3975",0,5,0,"13",23
"3976",0,5,0,"13",24
"3977",0,5,0,"13",25
"3978",0,5,0,"13",26
"3979",0,5,0,"13",27
"3980",0,5,0,"13",28
"3981",0,5,0,"13",29
"3982",0,5,0,"13",30
"3983",0,5,0,"13",31
"3984",0,5,0,"13",32
"3985",0,5,0,"13",33
"3986",0,5,0,"13",34
"3987",0,5,0,"13",35
"3988",0,5,0,"13",36
"3989",0,5,0,"13",37
"3990",0,5,0,"13",38
"3991",0,5,0,"13",39
"3992",0,5,0,"13",40
"3993",0,5,0,"13",41
"3994",0,5,0,"13",42
"3995",0,5,0,"13",43
"3996",0,5,0,"13",44
"3997",0,5,0,"13",45
"3998",0,5,0,"13",46
"3999",0,5,0,"13",47
"4000",0,5,0,"13",48
"4001",0,5,0,"13",49
"4002",0,5,0,"13",50
"4003",0,5,0,"13",51
"4004",0,5,0,"13",52
"677",0,1,0,"14",1
"678",0,1,0,"14",2
"679",0,1,0,"14",3
"680",0,1,0,"14",4
"681",0,1,0,"14",5
"682",0,1,0,"14",6
"683",0,1,0,"14",7
"684",0,1,0,"14",8
"685",0,1,0,"14",9
"686",0,1,0,"14",10
"687",0,1,0,"14",11
"688",0,1,0,"14",12
"689",0,1,0,"14",13
"690",0,1,0,"14",14
"691",0,1,0,"14",15
"692",0,1,0,"14",16
"693",0,1,0,"14",17
"694",0,1,0,"14",18
"695",0,1,0,"14",19
"696",0,1,0,"14",20
"697",0,1,0,"14",21
"698",0,1,0,"14",22
"699",0,1,0,"14",23
"700",0,1,0,"14",24
"701",0,1,0,"14",25
"702",0,1,0,"14",26
"703",0,1,0,"14",27
"704",0,1,0,"14",28
"705",0,1,0,"14",29
"706",0,1,0,"14",30
"707",0,1,0,"14",31
"708",0,1,0,"14",32
"709",0,1,0,"14",33
"710",0,1,0,"14",34
"711",0,1,0,"14",35
"712",0,1,0,"14",36
"713",0,1,0,"14",37
"714",0,1,0,"14",38
"715",0,1,0,"14",39
"716",0,1,0,"14",40
"717",0,1,0,"14",41
"718",0,1,0,"14",42
"719",0,1,0,"14",43
"720",0,1,0,"14",44
"721",0,1,0,"14",45
"722",0,1,0,"14",46
"723",0,1,0,"14",47
"724",0,1,0,"14",48
"725",0,1,0,"14",49
"726",0,1,0,"14",50
"727",0,1,0,"14",51
"728",0,1,0,"14",52
"1509",0,2,0,"14",1
"1510",0,2,0,"14",2
"1511",0,2,0,"14",3
"1512",0,2,0,"14",4
"1513",0,2,0,"14",5
"1514",0,2,0,"14",6
"1515",0,2,0,"14",7
"1516",0,2,0,"14",8
"1517",0,2,0,"14",9
"1518",0,2,0,"14",10
"1519",0,2,0,"14",11
"1520",0,2,0,"14",12
"1521",0,2,0,"14",13
"1522",0,2,0,"14",14
"1523",0,2,0,"14",15
"1524",0,2,0,"14",16
"1525",0,2,0,"14",17
"1526",0,2,0,"14",18
"1527",0,2,0,"14",19
"1528",0,2,0,"14",20
"1529",0,2,0,"14",21
"1530",0,2,0,"14",22
"1531",0,2,0,"14",23
"1532",0,2,0,"14",24
"1533",0,2,0,"14",25
"1534",0,2,0,"14",26
"1535",0,2,0,"14",27
"1536",0,2,0,"14",28
"1537",0,2,0,"14",29
"1538",0,2,0,"14",30
"1539",0,2,0,"14",31
"1540",0,2,0,"14",32
"1541",0,2,0,"14",33
"1542",0,2,0,"14",34
"1543",0,2,0,"14",35
"1544",0,2,0,"14",36
"1545",0,2,0,"14",37
"1546",0,2,0,"14",38
"1547",0,2,0,"14",39
"1548",0,2,0,"14",40
"1549",0,2,0,"14",41
"1550",0,2,0,"14",42
"1551",0,2,0,"14",43
"1552",0,2,0,"14",44
"1553",0,2,0,"14",45
"1554",0,2,0,"14",46
"1555",0,2,0,"14",47
"1556",0,2,0,"14",48
"1557",0,2,0,"14",49
"1558",0,2,0,"14",50
"1559",0,2,0,"14",51
"1560",0,2,0,"14",52
"2341",0,3,0,"14",1
"2342",0,3,0,"14",2
"2343",0,3,0,"14",3
"2344",0,3,0,"14",4
"2345",0,3,0,"14",5
"2346",0,3,0,"14",6
"2347",0,3,0,"14",7
"2348",0,3,0,"14",8
"2349",0,3,0,"14",9
"2350",0,3,0,"14",10
"2351",0,3,0,"14",11
"2352",0,3,0,"14",12
"2353",0,3,0,"14",13
"2354",0,3,0,"14",14
"2355",0,3,0,"14",15
"2356",0,3,0,"14",16
"2357",0,3,0,"14",17
"2358",0,3,0,"14",18
"2359",0,3,0,"14",19
"2360",0,3,0,"14",20
"2361",0,3,0,"14",21
"2362",0,3,0,"14",22
"2363",0,3,0,"14",23
"2364",0,3,0,"14",24
"2365",0,3,0,"14",25
"2366",0,3,0,"14",26
"2367",0,3,0,"14",27
"2368",0,3,0,"14",28
"2369",0,3,0,"14",29
"2370",0,3,0,"14",30
"2371",0,3,0,"14",31
"2372",0,3,0,"14",32
"2373",0,3,0,"14",33
"2374",0,3,0,"14",34
"2375",0,3,0,"14",35
"2376",0,3,0,"14",36
"2377",0,3,0,"14",37
"2378",0,3,0,"14",38
"2379",0,3,0,"14",39
"2380",0,3,0,"14",40
"2381",0,3,0,"14",41
"2382",0,3,0,"14",42
"2383",0,3,0,"14",43
"2384",0,3,0,"14",44
"2385",0,3,0,"14",45
"2386",0,3,0,"14",46
"2387",0,3,0,"14",47
"2388",0,3,0,"14",48
"2389",0,3,0,"14",49
"2390",0,3,0,"14",50
"2391",0,3,0,"14",51
"2392",0,3,0,"14",52
"3173",0,4,0,"14",1
"3174",0,4,0,"14",2
"3175",0,4,0,"14",3
"3176",0,4,0,"14",4
"3177",0,4,0,"14",5
"3178",0,4,0,"14",6
"3179",0,4,0,"14",7
"3180",0,4,0,"14",8
"3181",0,4,0,"14",9
"3182",0,4,0,"14",10
"3183",0,4,0,"14",11
"3184",0,4,0,"14",12
"3185",0,4,0,"14",13
"3186",0,4,0,"14",14
"3187",0,4,0,"14",15
"3188",0,4,0,"14",16
"3189",0,4,0,"14",17
"3190",0,4,0,"14",18
"3191",0,4,0,"14",19
"3192",0,4,0,"14",20
"3193",0,4,0,"14",21
"3194",0,4,0,"14",22
"3195",0,4,0,"14",23
"3196",0,4,0,"14",24
"3197",0,4,0,"14",25
"3198",0,4,0,"14",26
"3199",0,4,0,"14",27
"3200",0,4,0,"14",28
"3201",0,4,0,"14",29
"3202",0,4,0,"14",30
"3203",0,4,0,"14",31
"3204",0,4,0,"14",32
"3205",0,4,0,"14",33
"3206",0,4,0,"14",34
"3207",0,4,0,"14",35
"3208",0,4,0,"14",36
"3209",0,4,0,"14",37
"3210",0,4,0,"14",38
"3211",0,4,0,"14",39
"3212",0,4,0,"14",40
"3213",0,4,0,"14",41
"3214",0,4,0,"14",42
"3215",0,4,0,"14",43
"3216",0,4,0,"14",44
"3217",0,4,0,"14",45
"3218",0,4,0,"14",46
"3219",0,4,0,"14",47
"3220",0,4,0,"14",48
"3221",0,4,0,"14",49
"3222",0,4,0,"14",50
"3223",0,4,0,"14",51
"3224",0,4,0,"14",52
"4005",0,5,0,"14",1
"4006",0,5,0,"14",2
"4007",0,5,0,"14",3
"4008",0,5,0,"14",4
"4009",0,5,0,"14",5
"4010",0,5,0,"14",6
"4011",0,5,0,"14",7
"4012",0,5,0,"14",8
"4013",0,5,0,"14",9
"4014",0,5,0,"14",10
"4015",0,5,0,"14",11
"4016",0,5,0,"14",12
"4017",0,5,0,"14",13
"4018",0,5,0,"14",14
"4019",0,5,0,"14",15
"4020",0,5,0,"14",16
"4021",0,5,0,"14",17
"4022",0,5,0,"14",18
"4023",0,5,0,"14",19
"4024",0,5,0,"14",20
"4025",0,5,0,"14",21
"4026",0,5,0,"14",22
"4027",0,5,0,"14",23
"4028",0,5,0,"14",24
"4029",0,5,0,"14",25
"4030",0,5,0,"14",26
"4031",0,5,0,"14",27
"4032",0,5,0,"14",28
"4033",0,5,0,"14",29
"4034",0,5,0,"14",30
"4035",0,5,0,"14",31
"4036",0,5,0,"14",32
"4037",0,5,0,"14",33
"4038",0,5,0,"14",34
"4039",0,5,0,"14",35
"4040",0,5,0,"14",36
"4041",0,5,0,"14",37
"4042",0,5,0,"14",38
"4043",0,5,0,"14",39
"4044",0,5,0,"14",40
"4045",0,5,0,"14",41
"4046",0,5,0,"14",42
"4047",0,5,0,"14",43
"4048",0,5,0,"14",44
"4049",0,5,0,"14",45
"4050",0,5,0,"14",46
"4051",0,5,0,"14",47
"4052",0,5,0,"14",48
"4053",0,5,0,"14",49
"4054",0,5,0,"14",50
"4055",0,5,0,"14",51
"4056",0,5,0,"14",52
"781",0,1,0,"16",1
"782",0,1,0,"16",2
"783",0,1,0,"16",3
"784",0,1,0,"16",4
"785",0,1,0,"16",5
"786",0,1,0,"16",6
"787",0,1,0,"16",7
"788",0,1,0,"16",8
"789",0,1,0,"16",9
"790",0,1,0,"16",10
"791",0,1,0,"16",11
"792",0,1,0,"16",12
"793",0,1,0,"16",13
"794",0,1,0,"16",14
"795",0,1,0,"16",15
"796",0,1,0,"16",16
"797",0,1,0,"16",17
"798",0,1,0,"16",18
"799",0,1,0,"16",19
"800",0,1,0,"16",20
"801",0,1,0,"16",21
"802",0,1,0,"16",22
"803",0,1,0,"16",23
"804",0,1,0,"16",24
"805",0,1,0,"16",25
"806",0,1,0,"16",26
"807",0,1,0,"16",27
"808",0,1,0,"16",28
"809",0,1,0,"16",29
"810",0,1,0,"16",30
"811",0,1,0,"16",31
"812",0,1,0,"16",32
"813",0,1,0,"16",33
"814",0,1,0,"16",34
"815",0,1,0,"16",35
"816",0,1,0,"16",36
"817",0,1,0,"16",37
"818",0,1,0,"16",38
"819",0,1,0,"16",39
"820",0,1,0,"16",40
"821",0,1,0,"16",41
"822",0,1,0,"16",42
"823",0,1,0,"16",43
"824",0,1,0,"16",44
"825",0,1,0,"16",45
"826",0,1,0,"16",46
"827",0,1,0,"16",47
"828",0,1,0,"16",48
"829",0,1,0,"16",49
"830",0,1,0,"16",50
"831",0,1,0,"16",51
"832",0,1,0,"16",52
"1613",0,2,0,"16",1
"1614",0,2,0,"16",2
"1615",0,2,0,"16",3
"1616",0,2,0,"16",4
"1617",0,2,0,"16",5
"1618",0,2,0,"16",6
"1619",0,2,0,"16",7
"1620",0,2,0,"16",8
"1621",0,2,0,"16",9
"1622",0,2,0,"16",10
"1623",0,2,0,"16",11
"1624",0,2,0,"16",12
"1625",0,2,0,"16",13
"1626",0,2,0,"16",14
"1627",0,2,0,"16",15
"1628",0,2,0,"16",16
"1629",0,2,0,"16",17
"1630",0,2,0,"16",18
"1631",0,2,0,"16",19
"1632",0,2,0,"16",20
"1633",0,2,0,"16",21
"1634",0,2,0,"16",22
"1635",0,2,0,"16",23
"1636",0,2,0,"16",24
"1637",0,2,0,"16",25
"1638",0,2,0,"16",26
"1639",0,2,0,"16",27
"1640",0,2,0,"16",28
"1641",0,2,0,"16",29
"1642",0,2,0,"16",30
"1643",0,2,0,"16",31
"1644",0,2,0,"16",32
"1645",0,2,0,"16",33
"1646",0,2,0,"16",34
"1647",0,2,0,"16",35
"1648",0,2,0,"16",36
"1649",0,2,0,"16",37
"1650",0,2,0,"16",38
"1651",0,2,0,"16",39
"1652",0,2,0,"16",40
"1653",0,2,0,"16",41
"1654",0,2,0,"16",42
"1655",0,2,0,"16",43
"1656",0,2,0,"16",44
"1657",0,2,0,"16",45
"1658",0,2,0,"16",46
"1659",0,2,0,"16",47
"1660",0,2,0,"16",48
"1661",0,2,0,"16",49
"1662",0,2,0,"16",50
"1663",0,2,0,"16",51
"1664",0,2,0,"16",52
"2445",0,3,0,"16",1
"2446",0,3,0,"16",2
"2447",0,3,0,"16",3
"2448",0,3,0,"16",4
"2449",0,3,0,"16",5
"2450",0,3,0,"16",6
"2451",0,3,0,"16",7
"2452",0,3,0,"16",8
"2453",0,3,0,"16",9
"2454",0,3,0,"16",10
"2455",0,3,0,"16",11
"2456",0,3,0,"16",12
"2457",0,3,0,"16",13
"2458",0,3,0,"16",14
"2459",0,3,0,"16",15
"2460",0,3,0,"16",16
"2461",0,3,0,"16",17
"2462",0,3,0,"16",18
"2463",0,3,0,"16",19
"2464",0,3,0,"16",20
"2465",0,3,0,"16",21
"2466",0,3,0,"16",22
"2467",0,3,0,"16",23
"2468",0,3,0,"16",24
"2469",0,3,0,"16",25
"2470",0,3,0,"16",26
"2471",0,3,0,"16",27
"2472",0,3,0,"16",28
"2473",0,3,0,"16",29
"2474",0,3,0,"16",30
"2475",0,3,0,"16",31
"2476",0,3,0,"16",32
"2477",0,3,0,"16",33
"2478",0,3,0,"16",34
"2479",0,3,0,"16",35
"2480",0,3,0,"16",36
"2481",0,3,0,"16",37
"2482",0,3,0,"16",38
"2483",0,3,0,"16",39
"2484",0,3,0,"16",40
"2485",0,3,0,"16",41
"2486",0,3,0,"16",42
"2487",0,3,0,"16",43
"2488",0,3,0,"16",44
"2489",0,3,0,"16",45
"2490",0,3,0,"16",46
"2491",0,3,0,"16",47
"2492",0,3,0,"16",48
"2493",0,3,0,"16",49
"2494",0,3,0,"16",50
"2495",0,3,0,"16",51
"2496",0,3,0,"16",52
"3277",0,4,0,"16",1
"3278",0,4,0,"16",2
"3279",0,4,0,"16",3
"3280",0,4,0,"16",4
"3281",0,4,0,"16",5
"3282",0,4,0,"16",6
"3283",0,4,0,"16",7
"3284",0,4,0,"16",8
"3285",0,4,0,"16",9
"3286",0,4,0,"16",10
"3287",0,4,0,"16",11
"3288",0,4,0,"16",12
"3289",0,4,0,"16",13
"3290",0,4,0,"16",14
"3291",0,4,0,"16",15
"3292",0,4,0,"16",16
"3293",0,4,0,"16",17
"3294",0,4,0,"16",18
"3295",0,4,0,"16",19
"3296",0,4,0,"16",20
"3297",0,4,0,"16",21
"3298",0,4,0,"16",22
"3299",0,4,0,"16",23
"3300",0,4,0,"16",24
"3301",0,4,0,"16",25
"3302",0,4,0,"16",26
"3303",0,4,0,"16",27
"3304",0,4,0,"16",28
"3305",0,4,0,"16",29
"3306",0,4,0,"16",30
"3307",0,4,0,"16",31
"3308",0,4,0,"16",32
"3309",0,4,0,"16",33
"3310",0,4,0,"16",34
"3311",0,4,0,"16",35
"3312",0,4,0,"16",36
"3313",0,4,0,"16",37
"3314",0,4,0,"16",38
"3315",0,4,0,"16",39
"3316",0,4,0,"16",40
"3317",0,4,0,"16",41
"3318",0,4,0,"16",42
"3319",0,4,0,"16",43
"3320",0,4,0,"16",44
"3321",0,4,0,"16",45
"3322",0,4,0,"16",46
"3323",0,4,0,"16",47
"3324",0,4,0,"16",48
"3325",0,4,0,"16",49
"3326",0,4,0,"16",50
"3327",0,4,0,"16",51
"3328",0,4,0,"16",52
"4109",0,5,0,"16",1
"4110",0,5,0,"16",2
"4111",0,5,0,"16",3
"4112",0,5,0,"16",4
"4113",0,5,0,"16",5
"4114",0,5,0,"16",6
"4115",0,5,0,"16",7
"4116",0,5,0,"16",8
"4117",0,5,0,"16",9
"4118",0,5,0,"16",10
"4119",0,5,0,"16",11
"4120",0,5,0,"16",12
"4121",0,5,0,"16",13
"4122",0,5,0,"16",14
"4123",0,5,0,"16",15
"4124",0,5,0,"16",16
"4125",0,5,0,"16",17
"4126",0,5,0,"16",18
"4127",0,5,0,"16",19
"4128",0,5,0,"16",20
"4129",0,5,0,"16",21
"4130",0,5,0,"16",22
"4131",0,5,0,"16",23
"4132",0,5,0,"16",24
"4133",0,5,0,"16",25
"4134",0,5,0,"16",26
"4135",0,5,0,"16",27
"4136",0,5,0,"16",28
"4137",0,5,0,"16",29
"4138",0,5,0,"16",30
"4139",0,5,0,"16",31
"4140",0,5,0,"16",32
"4141",0,5,0,"16",33
"4142",0,5,0,"16",34
"4143",0,5,0,"16",35
"4144",0,5,0,"16",36
"4145",0,5,0,"16",37
"4146",0,5,0,"16",38
"4147",0,5,0,"16",39
"4148",0,5,0,"16",40
"4149",0,5,0,"16",41
"4150",0,5,0,"16",42
"4151",0,5,0,"16",43
"4152",0,5,0,"16",44
"4153",0,5,0,"16",45
"4154",0,5,0,"16",46
"4155",0,5,0,"16",47
"4156",0,5,0,"16",48
"4157",0,5,0,"16",49
"4158",0,5,0,"16",50
"4159",0,5,0,"16",51
"4160",0,5,0,"16",52
